EGID,GDEKT,GGDENR,GGDENAME,EGRID,LGBKR,LPARZ,LPARZSX,LTYP,GEBNR,GBEZ,GKODE,GKODN,GKSCE,GSTAT,GKAT,GKLAS,GBAUJ,GBAUM,GBAUP,GABBJ,GAREA,GVOL,GVOLNORM,GVOLSCE,GASTW,GANZWHG,GAZZI,GSCHUTZR,GEBF,GWAERZH1,GENH1,GWAERSCEH1,GWAERDATH1,GWAERZH2,GENH2,GWAERSCEH2,GWAERDATH2,GWAERZW1,GENW1,GWAERSCEW1,GWAERDATW1,GWAERZW2,GENW2,GWAERSCEW2,GWAERDATW2,GEXPDAT
1600034,ZH,1,Aeugst am Albis,,0,99999,,,,,2679223.809,1236003.412,909,1007,1020,1110,,,8014,1999,,,,,2,1,,,,7431,7530,869,2001-11-29,,,,,7630,7530,869,2001-11-29,,,,,2025-10-18
1600279,ZH,1,Aeugst am Albis,,0,99999,,,627,,2679020.833,1235899.835,909,1007,1020,1110,,,8012,1999,,,,,2,1,,,,7430,7530,869,2001-11-29,,,,,7650,7560,869,2001-11-29,,,,,2025-10-18
191947954,ZH,1,Aeugst am Albis,,0,1563,,,,,2679237.214,1236036.303,904,1008,1020,1110,,,,,169,,,,2,1,,0,,7410,7598,852,2021-04-01,7400,7500,852,2023-07-10,7600,7500,852,2023-07-10,7600,7500,852,2023-07-10,2025-10-18
191961046,ZH,1,Aeugst am Albis,CH170177872047,0,1203,,,K.A.,Gartenhaus,2679369.297,1235439.365,901,1004,1060,,,,,,5,,,,,,,0,,7400,7500,869,2021-09-03,7400,7500,869,2021-09-03,7600,7500,869,2021-09-03,7600,7500,869,2021-09-03,2025-10-18
191961053,ZH,1,Aeugst am Albis,CH257520770197,0,1951,,,1089,,2680099.5,1235044,904,1007,1060,,,,,2022,5,,,,,,,0,,7400,7500,869,2021-09-03,7400,7500,869,2021-09-03,7600,7500,869,2021-09-03,7600,7500,869,2021-09-03,2025-10-18
191961055,ZH,1,Aeugst am Albis,CH207701712036,0,934,,,K.A.,Schopf,2679756.574,1237500.14,901,1004,1060,,,,,,5,,,,,,,0,,7400,7500,869,2021-09-03,7400,7500,869,2021-09-03,7600,7500,869,2021-09-03,7600,7500,869,2021-09-03,2025-10-18
191961059,ZH,1,Aeugst am Albis,CH840120778941,0,290,,,K.A.,,2679151.56,1236053.26,901,1004,1060,,,,,,3,,,,,,,0,,7400,7500,869,2021-09-03,7400,7500,869,2021-09-03,7600,7500,869,2021-09-03,7600,7500,869,2021-09-03,2025-10-18
191961063,ZH,1,Aeugst am Albis,CH732077017155,0,1001,,,K.A.,,2679347.914,1237507.081,901,1004,1060,,,,,,4,,,,,,,0,,7400,7500,869,2021-09-03,7400,7500,869,2021-09-03,7600,7500,869,2021-09-03,7600,7500,869,2021-09-03,2025-10-18
191961064,ZH,1,Aeugst am Albis,CH270177762046,0,1387,,,K.A.,,2679065.996,1235755.898,901,1004,1060,,,,,,4,,,,,,,0,,7400,7500,869,2021-09-03,7400,7500,869,2021-09-03,7600,7500,869,2021-09-03,7600,7500,869,2021-09-03,2025-10-18
191961068,ZH,1,Aeugst am Albis,CH892077760159,0,727,,,K.A.,,2678443.778,1236300.969,901,1004,1060,,,,,,4,,,,,,,0,,7400,7500,869,2021-09-03,7400,7500,869,2021-09-03,7600,7500,869,2021-09-03,7600,7500,869,2021-09-03,2025-10-18
191961069,ZH,1,Aeugst am Albis,CH158720770101,0,1213,,,1215,,2678986.089,1235937.238,901,1004,1060,,,,,,5,,,,,,,0,,7400,7500,869,2021-09-03,7400,7500,869,2021-09-03,7600,7500,869,2021-09-03,7600,7500,869,2021-09-03,2025-10-18
191961071,ZH,1,Aeugst am Albis,CH470177882039,0,437,,,K.A.,,2679470.445,1235444.57,901,1004,1060,,,,,,4,,,,,,,0,,7400,7500,869,2021-09-03,7400,7500,869,2021-09-03,7600,7500,869,2021-09-03,7600,7500,869,2021-09-03,2025-10-18
191961073,ZH,1,Aeugst am Albis,CH140120777106,0,914,,,K.A.,,2679489.34,1237458.821,901,1004,1060,,,,,,4,,,,,,,0,,7400,7500,869,2021-09-03,7400,7500,869,2021-09-03,7600,7500,869,2021-09-03,7600,7500,869,2021-09-03,2025-10-18
191961076,ZH,1,Aeugst am Albis,CH107701772052,0,1733,,,K.A.,Anbau,2679354.006,1235607.505,901,1004,1060,,,,,,3,,,,,,,0,,7400,7500,869,2021-09-03,7400,7500,869,2021-09-03,7600,7500,869,2021-09-03,7600,7500,869,2021-09-03,2025-10-18
191965999,ZH,1,Aeugst am Albis,CH232077017131,0,936,,,1417,,2679736.062,1237462.218,901,1003,1020,1122,,,,,427,3072,969,859,3,8,,0,1280,7410,7598,869,2021-11-05,7400,7500,869,2023-06-26,7610,7598,869,2021-11-05,7600,7500,869,2023-06-26,2025-10-18
191973439,ZH,1,Aeugst am Albis,CH110178207786,0,1693,,,,,2679176.268,1235728.414,901,1002,1030,1122,,,,,135,553,962,859,2,3,,,135,7410,7501,869,2022-01-27,7400,7500,869,2022-01-27,7610,7501,869,2022-01-27,7600,7500,869,2022-01-27,2025-10-18
191979592,ZH,1,Aeugst am Albis,CH707701822027,0,913,,,,,2679435.245,1237483.582,901,1001,1020,1122,,,,,326,6800,969,869,4,7,,0,,7410,7510,852,2022-04-12,7400,7500,852,2022-04-12,7600,7500,852,2022-04-12,7600,7500,852,2022-04-12,2025-10-18
191991347,ZH,1,Aeugst am Albis,CH740120778084,0,1559,,,,,2679496.5,1237460.375,904,1008,1060,1274,,,,,,,,,,,,,,,,,,,,,,,,,,,,,,2025-10-18
191991348,ZH,1,Aeugst am Albis,CH740120778084,0,1559,,,,,2679520.5,1237454.625,904,1008,1060,1274,,,,,,,,,,,,,,,,,,,,,,,,,,,,,,2025-10-18
191991358,ZH,1,Aeugst am Albis,CH140120777106,0,1559,,,28a,,2679496.25,1237462.375,904,1001,1020,1122,,,,,,,,,,7,,,,,,,,,,,,,,,,,,,,2025-10-18
191991360,ZH,1,Aeugst am Albis,CH140120777106,0,1559,,,28b,,2679513.5,1237452.875,904,1001,1020,1122,,,,,,,,,,7,,,,,,,,,,,,,,,,,,,,2025-10-18
192002539,ZH,1,Aeugst am Albis,CH840120778050,0,1945,,,n.V.,Zweifamilienhaus,2678604.5,1235238.25,904,1008,1020,1121,,,,,165,1510,969,869,3,2,,0,334,7400,7500,852,2024-03-26,7400,7500,852,2024-03-26,7600,7500,852,2024-03-26,7600,7500,852,2024-03-26,2025-10-18
192002782,ZH,1,Aeugst am Albis,CH232077017824,0,1616,,,n.V.,MFH - Haus 1,2679223,1237505.125,904,1001,1020,1122,,,,,202,,,,4,3,,0,414,,,,,,,,,,,,,,,,,2025-10-18
192002784,ZH,1,Aeugst am Albis,CH232077017824,0,1616,,,n.V.,EFH Haus 2,2679242.5,1237498.875,904,1001,1020,1110,,,,,81,,,,4,1,,0,181,,,,,,,,,,,,,,,,,2025-10-18
192002786,ZH,1,Aeugst am Albis,CH232077017824,0,1616,,,n.V.,EFH Haus 3,2679258.25,1237503.625,904,1001,1020,1110,,,,,109,,,,4,1,,0,214,,,,,,,,,,,,,,,,,2025-10-18
192002787,ZH,1,Aeugst am Albis,CH232077017824,0,1616,,,n.V.,EFH Haus 4,2679213.5,1237475.375,904,1001,1020,1110,,,,,107,,,,4,1,,0,197,,,,,,,,,,,,,,,,,2025-10-18
192002788,ZH,1,Aeugst am Albis,CH232077017824,0,1616,,,n.V.,EFH Haus 5,2679229.75,1237478.625,904,1001,1020,1110,,,,,106,,,,4,1,,0,197,,,,,,,,,,,,,,,,,2025-10-18
192002789,ZH,1,Aeugst am Albis,CH232077017824,0,1616,,,n.V.,EFH Haus 6,2679248.25,1237479.875,904,1001,1020,1110,,,,,106,,,,4,1,,,194,,,,,,,,,,,,,,,,,2025-10-18
192002791,ZH,1,Aeugst am Albis,CH232077017824,0,1616,,,n.V.,EFH Haus 6,2679258.75,1237483.375,904,1001,1020,1110,,,,,106,,,,4,1,,0,194,,,,,,,,,,,,,,,,,2025-10-18
192024241,ZH,1,Aeugst am Albis,CH767720018038,0,1562,,,,,2679233.034,1236056.766,901,1003,1020,1110,,,,,325,2120,961,857,2,1,4,0,325,7430,7530,857,2005-02-04,7400,7500,869,2023-09-21,7630,7530,857,2005-02-04,7600,7500,869,2023-09-21,2025-10-18
192042627,ZH,1,Aeugst am Albis,CH507701802004,0,1867,,,n.V.,Biogasanlage,2679044,1237876,904,1003,1060,1278,,,,,275,700,969,869,1,,,0,,7400,7500,869,2023-12-14,7400,7500,869,2023-12-14,7600,7500,869,2023-12-14,7600,7500,869,2023-12-14,2025-10-18
192045159,ZH,1,Aeugst am Albis,CH870177762036,0,887,,,2,Trafostation,2678443.773,1235256.052,901,1004,1080,1274,,,8013,,6,,,,1,,,0,,,,,,,,,,,,,,,,,,2025-10-18
192045168,ZH,1,Aeugst am Albis,CH240120777367,0,507,,,n.n,,2679066.549,1237247.259,901,1004,1060,1274,,,,,8,,,,,,,,,,,,,,,,,,,,,,,,,2025-10-18
192045179,ZH,1,Aeugst am Albis,CH832077018804,0,1034,,,n.n,,2679357.956,1235738.946,901,1004,1060,1274,,,,,4,,,,,,,,,,,,,,,,,,,,,,,,,2025-10-18
192046034,ZH,1,Aeugst am Albis,CH770177732079,0,2051,,,n.n,,2680350.914,1236722.731,901,1004,1060,1274,,,,,5,,,,,,,,,,,,,,,,,,,,,,,,,2025-10-18
192046037,ZH,1,Aeugst am Albis,CH840120778050,0,1945,,,1422,Unterstand,2678569.877,1235282.577,901,1004,1060,1274,,,,,53,,,,,,,,,,,,,,,,,,,,,,,,,2025-10-18
192085205,ZH,1,Aeugst am Albis,,0,2033,,,n.V.,,2679449,1235554,904,1002,1060,1274,,,,,40,75,969,859,1,,,0,,7400,7500,869,2025-02-18,7400,7500,869,2025-02-18,7600,7500,869,2025-02-18,7600,7500,869,2025-02-18,2025-10-18
192085413,ZH,1,Aeugst am Albis,,0,2068,,,n.V.,Gewächshaus,2679110,1235608,904,1002,1060,1277,,,,,7,14,969,859,1,,,0,,7400,7500,869,2025-03-25,7400,7500,869,2025-03-25,7600,7500,869,2025-03-25,7600,7500,869,2025-03-25,2025-10-18
192086031,ZH,1,Aeugst am Albis,CH167720018840,0,2038,,,882,Allmenstrasse 24,2679432,1235735,904,1002,1020,1122,,,,,223,2323,969,859,3,3,,0,377,7410,7511,869,2025-04-01,7400,7500,869,2025-04-01,7610,7511,869,2025-04-01,7600,7500,869,2025-04-01,2025-10-18
192086032,ZH,1,Aeugst am Albis,CH167720018840,0,2038,,,1474,Allmendstrasse 26,2679432.556,1235715.489,901,1002,1020,1122,,,,,284,3033,969,859,3,6,,0,539,7410,7511,869,2025-04-01,7400,7500,869,2025-04-01,7610,7511,869,2025-04-01,7600,7500,869,2025-04-01,2025-10-18
192086033,ZH,1,Aeugst am Albis,CH167720018840,0,2038,,,1475,Allmenstrasse 28,2679455.604,1235697.973,901,1002,1020,1110,,,,,86,1003,961,869,3,1,,0,180,7410,7511,869,2025-04-01,7400,7500,869,2025-04-01,7610,7511,869,2025-04-01,7600,7500,869,2025-04-01,2025-10-18
192086036,ZH,1,Aeugst am Albis,CH167720018840,0,2038,,,1476,Allmenstrasse 30,2679470.58,1235708.317,901,1002,1020,1110,,,,,86,1003,961,869,3,1,,0,180,7410,7511,869,2025-04-01,7400,7500,869,2025-04-01,7610,7511,869,2025-04-01,7600,7500,869,2025-04-01,2025-10-18
192088047,ZH,1,Aeugst am Albis,CH387620017742,0,1430,,,n.V.,,2679081.89,1235989.962,901,1002,1020,1121,,,,,154,2200,969,869,2,2,,0,269,7410,7501,859,2025-04-29,7400,7500,859,2025-04-29,7610,7501,859,2025-04-29,7600,7500,869,2025-04-29,2025-10-18
192091941,ZH,1,Aeugst am Albis,,0,814,,,n.V.,,2679085,1235619,904,1002,1020,1121,,,,,,2870,961,869,3,2,,0,377,7410,7511,869,2025-06-24,7400,7500,869,2025-06-24,7610,7511,869,2025-06-24,7600,7500,869,2025-06-24,2025-10-18
192091959,ZH,1,Aeugst am Albis,,0,814,,,n.V.,,2679090,1235604,904,1002,1020,1121,,,,,,2858,962,869,3,2,,0,377,7410,7511,869,2025-06-24,7400,7500,869,2025-06-24,7610,7511,869,2025-06-24,7600,7500,869,2025-06-24,2025-10-18
192091962,ZH,1,Aeugst am Albis,,0,814,,,n.V.,,2679064,1235610,904,1002,1020,1121,,,,,,3900,962,859,3,2,,0,377,7410,7511,869,2025-06-24,7400,7500,869,2025-06-24,7610,7511,869,2025-06-24,7600,7500,869,2025-06-24,2025-10-18
192096999,ZH,1,Aeugst am Albis,CH288820017743,0,404,,,1472,,2679486.25,1235543.25,904,1002,1020,1121,,,,,217,2202,969,859,4,2,,0,496,7410,7511,869,2025-08-19,7400,7500,869,2025-08-19,7610,7511,869,2025-08-19,7600,7500,869,2025-08-19,2025-10-18
210228017,ZH,1,Aeugst am Albis,CH688920017774,0,1535,,,n.n,,2678945.022,1237856.893,901,1004,1060,1271,,,,,234,,,,,,,,,,,,,,,,,,,,,,,,,2025-10-18
210228018,ZH,1,Aeugst am Albis,CH688920017774,0,1535,,,n.n,,2678930.779,1237856.038,901,1004,1060,1271,,,,,218,,,,,,,,,,,,,,,,,,,,,,,,,2025-10-18
210228019,ZH,1,Aeugst am Albis,CH688920017774,0,1535,,,n.n,,2678944.993,1237885.271,901,1004,1060,1271,,,,,167,,,,,,,,,,,,,,,,,,,,,,,,,2025-10-18
210228020,ZH,1,Aeugst am Albis,CH688920017774,0,1535,,,n.n,,2678960.901,1237876.388,901,1004,1060,1271,,,,,66,,,,,,,,,,,,,,,,,,,,,,,,,2025-10-18
210228021,ZH,1,Aeugst am Albis,CH992077790116,0,539,,,n.n,,2680217.078,1237178.47,901,1004,1060,1274,,,,,64,,,,,,,,,,,,,,,,,,,,,,,,,2025-10-18
210228022,ZH,1,Aeugst am Albis,CH610179207704,0,498,,,n.n,,2679740.652,1237898.314,901,1004,1060,1274,,,,,39,,,,,,,,,,,,,,,,,,,,,,,,,2025-10-18
210228023,ZH,1,Aeugst am Albis,CH710171207742,0,991,,,n.n,,2679389.526,1237468.58,901,1004,1060,1242,,,,,46,,,,,,,,,,,,,,,,,,,,,,,,,2025-10-18
210228024,ZH,1,Aeugst am Albis,CH787420017757,0,459,,,n.n,,2679633.089,1238262.242,901,1004,1060,1274,,,,,27,,,,,,,,,,,,,,,,,,,,,,,,,2025-10-18
210228025,ZH,1,Aeugst am Albis,CH557120770106,0,27,,,n.n,,2678706.076,1237465.008,901,1004,1060,1271,,,,,25,,,,,,,,,,,,,,,,,,,,,,,,,2025-10-18
210228026,ZH,1,Aeugst am Albis,CH910170207780,0,1485,,,n.n,,2680040.806,1235582.814,901,1004,1060,1274,,,,,21,,,,,,,,,,,,,,,,,,,,,,,,,2025-10-18
210228027,ZH,1,Aeugst am Albis,CH267720018905,0,1931,,,n.n,,2678875.562,1236323.626,901,1004,1060,1274,,,,,20,,,,,,,,,,,,,,,,,,,,,,,,,2025-10-18
210228028,ZH,1,Aeugst am Albis,CH588920017711,0,227,,,n.n,,2678663.665,1236593.229,901,1004,1060,1274,,,,,18,,,,,,,,,,,,,,,,,,,,,,,,,2025-10-18
210228029,ZH,1,Aeugst am Albis,CH892077760159,0,727,,,n.n,,2678354.682,1236352.478,901,1007,1060,1274,,,,2023,18,,,,,,,,,,,,,,,,,,,,,,,,,2025-10-18
210228030,ZH,1,Aeugst am Albis,CH792077810178,0,1900,,,n.n,,2678486.761,1236624.452,901,1004,1060,1271,,,,,18,,,,,,,,,,,,,,,,,,,,,,,,,2025-10-18
210228031,ZH,1,Aeugst am Albis,CH592077780158,0,1926,,,n.n,,2678826.747,1237816.535,901,1004,1060,1274,,,,,17,,,,,,,,,,,,,,,,,,,,,,,,,2025-10-18
210228032,ZH,1,Aeugst am Albis,CH670177742013,0,1281,,,n.n,,2679954.116,1235635.913,901,1004,1060,1274,,,,,17,,,,,,,,,,,,,,,,,,,,,,,,,2025-10-18
210228033,ZH,1,Aeugst am Albis,CH710171207742,0,991,,,n.n,,2679380.144,1237451.441,901,1004,1060,1274,,,,,15,,,,,,,,,,,,,,,,,,,,,,,,,2025-10-18
210228034,ZH,1,Aeugst am Albis,CH892077760159,0,727,,,n.n,,2678358.605,1236348.043,901,1007,1060,1274,,,,2023,15,,,,,,,,,,,,,,,,,,,,,,,,,2025-10-18
210228035,ZH,1,Aeugst am Albis,CH127770200141,0,90,,,n.n,,2678673.724,1237447.665,901,1004,1060,1274,,,,,15,,,,,,,,,,,,,,,,,,,,,,,,,2025-10-18
210228036,ZH,1,Aeugst am Albis,CH610179207704,0,498,,,n.n,,2679753.169,1237906.092,901,1004,1060,1274,,,,,15,,,,,,,,,,,,,,,,,,,,,,,,,2025-10-18
210228037,ZH,1,Aeugst am Albis,CH970177802087,0,1890,,,n.n,,2678517.86,1235194.179,901,1004,1060,1274,,,,,14,,,,,,,,,,,,,,,,,,,,,,,,,2025-10-18
210228038,ZH,1,Aeugst am Albis,CH392077880196,0,425,,,n.n,,2679328.517,1235521.501,901,1004,1060,1274,,,,,14,,,,,,,,,,,,,,,,,,,,,,,,,2025-10-18
210228039,ZH,1,Aeugst am Albis,CH532077017324,0,62,,,n.n,Kugelfang 50m,2678886.51,1237059.404,901,1007,1060,1274,,,,2020,14,,,,,,,,,,,,,,,,,,,,,,,,,2025-10-18
210228040,ZH,1,Aeugst am Albis,CH767720018929,0,278,,,n.n,,2679099.426,1236139.554,901,1004,1060,1274,,,,,14,,,,,,,,,,,,,,,,,,,,,,,,,2025-10-18
210228041,ZH,1,Aeugst am Albis,CH487120017746,0,1152,,,n.n,,2679244.881,1236112.063,901,1004,1060,1274,,,,,14,,,,,,,,,,,,,,,,,,,,,,,,,2025-10-18
210228042,ZH,1,Aeugst am Albis,CH640120777427,0,863,,,n.n,,2679107.597,1234931.229,901,1004,1060,1274,,,,,14,,,,,,,,,,,,,,,,,,,,,,,,,2025-10-18
210228043,ZH,1,Aeugst am Albis,CH327771200161,0,721,,,n.n,,2680112.348,1235783.17,901,1004,1060,1274,,,,,14,,,,,,,,,,,,,,,,,,,,,,,,,2025-10-18
210228044,ZH,1,Aeugst am Albis,CH892077710174,0,944,,,n.n,,2680391.099,1237154.733,901,1004,1060,1274,,,,,13,,,,,,,,,,,,,,,,,,,,,,,,,2025-10-18
210228045,ZH,1,Aeugst am Albis,CH757320770178,0,543,,,n.n,,2680299.313,1237067.239,901,1004,1060,1274,,,,,13,,,,,,,,,,,,,,,,,,,,,,,,,2025-10-18
210228046,ZH,1,Aeugst am Albis,CH127774200105,0,117,,,n.n,,2678554.637,1236834.238,901,1004,1060,1271,,,,,13,,,,,,,,,,,,,,,,,,,,,,,,,2025-10-18
210228047,ZH,1,Aeugst am Albis,CH240120777763,0,1750,,,n.n,,2680388.769,1237156.914,901,1004,1060,1274,,,,,12,,,,,,,,,,,,,,,,,,,,,,,,,2025-10-18
210228048,ZH,1,Aeugst am Albis,CH140120778094,0,1287,,,n.n,,2680628.43,1236910.595,901,1004,1060,1274,,,,,12,,,,,,,,,,,,,,,,,,,,,,,,,2025-10-18
210228049,ZH,1,Aeugst am Albis,CH840120777456,0,1320,,,n.n,,2678634.075,1234931.854,901,1004,1060,1274,,,,,12,,,,,,,,,,,,,,,,,,,,,,,,,2025-10-18
210228050,ZH,1,Aeugst am Albis,CH140120777502,0,832,,,n.n,,2680098.699,1235339.039,901,1007,1060,1274,,,,2021,12,,,,,,,,,,,,,,,,,,,,,,,,,2025-10-18
210228051,ZH,1,Aeugst am Albis,CH787520017730,0,876,,,n.n,,2678528.964,1235295.618,901,1004,1060,1274,,,,,11,,,,,,,,,,,,,,,,,,,,,,,,,2025-10-18
210228052,ZH,1,Aeugst am Albis,CH132077018155,0,1991,,,n.n,,2680354.029,1237131.983,901,1004,1060,1274,,,,,11,,,,,,,,,,,,,,,,,,,,,,,,,2025-10-18
210228053,ZH,1,Aeugst am Albis,CH688920017774,0,1535,,,n.n,,2678918.895,1237894.222,901,1004,1060,1274,,,,,9,,,,,,,,,,,,,,,,,,,,,,,,,2025-10-18
210228054,ZH,1,Aeugst am Albis,CH592077700182,0,1235,,,n.n,,2679750.384,1237549.757,901,1004,1060,1274,,,,,9,,,,,,,,,,,,,,,,,,,,,,,,,2025-10-18
210228055,ZH,1,Aeugst am Albis,CH970177802087,0,1890,,,n.n,,2678469.419,1234954.781,901,1004,1060,1271,,,,,9,,,,,,,,,,,,,,,,,,,,,,,,,2025-10-18
210228056,ZH,1,Aeugst am Albis,CH657820770174,0,1597,,,n.n,,2679489.147,1235775.241,901,1004,1060,1274,,,,,8,,,,,,,,,,,,,,,,,,,,,,,,,2025-10-18
210228057,ZH,1,Aeugst am Albis,CH827771200185,0,1189,,,n.n,,2679713.446,1237549.135,901,1004,1060,1274,,,,,8,,,,,,,,,,,,,,,,,,,,,,,,,2025-10-18
210228058,ZH,1,Aeugst am Albis,CH892077700177,0,1522,,,n.n,,2679558.805,1237477.316,901,1004,1060,1274,,,,,8,,,,,,,,,,,,,,,,,,,,,,,,,2025-10-18
210228059,ZH,1,Aeugst am Albis,CH132077018947,0,271,,,n.n,,2679196.455,1236127.991,901,1004,1060,1274,,,,,8,,,,,,,,,,,,,,,,,,,,,,,,,2025-10-18
210228060,ZH,1,Aeugst am Albis,CH510172207704,0,2049,,,n.n,,2680207.798,1236798.192,901,1004,1060,1274,,,,,8,,,,,,,,,,,,,,,,,,,,,,,,,2025-10-18
210228061,ZH,1,Aeugst am Albis,CH140120778787,0,1213,,,n.n,,2678989.691,1235938.951,901,1004,1060,1274,,,,,8,,,,,,,,,,,,,,,,,,,,,,,,,2025-10-18
210228062,ZH,1,Aeugst am Albis,CH240120777367,0,507,,,n.n,,2679066.928,1237249.715,901,1004,1060,1274,,,,,8,,,,,,,,,,,,,,,,,,,,,,,,,2025-10-18
210228063,ZH,1,Aeugst am Albis,CH240120777664,0,1394,,,n.n,,2679093.295,1236179.358,901,1004,1060,1274,,,,,7,,,,,,,,,,,,,,,,,,,,,,,,,2025-10-18
210228064,ZH,1,Aeugst am Albis,CH232077018913,0,1972,,,n.n,,2678862.603,1236353.493,901,1004,1060,1274,,,,,7,,,,,,,,,,,,,,,,,,,,,,,,,2025-10-18
210228065,ZH,1,Aeugst am Albis,CH232077017824,0,1616,,,n.n,,2679238.365,1237472.604,901,1004,1060,1274,,,,,7,,,,,,,,,,,,,,,,,,,,,,,,,2025-10-18
210228066,ZH,1,Aeugst am Albis,CH910175207735,0,1278,,,n.n,,2679926.333,1235605.599,901,1004,1060,1274,,,,,7,,,,,,,,,,,,,,,,,,,,,,,,,2025-10-18
210228067,ZH,1,Aeugst am Albis,CH710171207742,0,991,,,n.n,,2679365.218,1237461.624,901,1004,1060,1274,,,,,7,,,,,,,,,,,,,,,,,,,,,,,,,2025-10-18
210228068,ZH,1,Aeugst am Albis,CH667720017478,0,873,,,n.n,,2679109.149,1234720.362,901,1004,1060,1274,,,,,7,,,,,,,,,,,,,,,,,,,,,,,,,2025-10-18
210228069,ZH,1,Aeugst am Albis,CH127774200105,0,117,,,n.n,,2678610.502,1236874.203,901,1004,1060,1274,,,,,7,,,,,,,,,,,,,,,,,,,,,,,,,2025-10-18
210228070,ZH,1,Aeugst am Albis,CH970177802087,0,1890,,,n.n,,2678664.217,1235078.964,901,1004,1060,1274,,,,,7,,,,,,,,,,,,,,,,,,,,,,,,,2025-10-18
210228071,ZH,1,Aeugst am Albis,CH787420017757,0,459,,,n.n,,2679634.606,1238250.093,901,1004,1060,1274,,,,,7,,,,,,,,,,,,,,,,,,,,,,,,,2025-10-18
210228072,ZH,1,Aeugst am Albis,CH367720018869,0,436,,,n.n,,2679478.169,1235445.188,901,1004,1060,1274,,,,,7,,,,,,,,,,,,,,,,,,,,,,,,,2025-10-18
210228073,ZH,1,Aeugst am Albis,CH940120778907,0,302,,,n.n,,2678945.144,1236239.319,901,1004,1060,1274,,,,,7,,,,,,,,,,,,,,,,,,,,,,,,,2025-10-18
210228074,ZH,1,Aeugst am Albis,CH770177732079,0,2051,,,n.n,,2680313.903,1236795.29,901,1004,1060,1274,,,,,7,,,,,,,,,,,,,,,,,,,,,,,,,2025-10-18
210228075,ZH,1,Aeugst am Albis,CH540120777362,0,63,,,n.n,,2679024.897,1236964.513,901,1004,1060,1274,,,,,6,,,,,,,,,,,,,,,,,,,,,,,,,2025-10-18
210228076,ZH,1,Aeugst am Albis,CH267720017717,0,1753,,,n.n,,2679372.583,1238369.54,901,1004,1060,1271,,,,,6,,,,,,,,,,,,,,,,,,,,,,,,,2025-10-18
210228077,ZH,1,Aeugst am Albis,CH332077017095,0,1268,,,n.n,,2680678.792,1236980.392,901,1004,1060,1274,,,,,6,,,,,,,,,,,,,,,,,,,,,,,,,2025-10-18
210228078,ZH,1,Aeugst am Albis,CH132077018155,0,1991,,,n.n,,2680380.511,1237118.628,901,1004,1060,1274,,,,,6,,,,,,,,,,,,,,,,,,,,,,,,,2025-10-18
210228079,ZH,1,Aeugst am Albis,CH440120777990,0,2093,,,n.n,,2679855.407,1235964.967,901,1007,1060,1274,,,,2023,6,,,,,,,,,,,,,,,,,,,,,,,,,2025-10-18
210228080,ZH,1,Aeugst am Albis,CH667720017379,0,453,,,n.n,,2679324.624,1238195.274,901,1004,1060,1274,,,,,6,,,,,,,,,,,,,,,,,,,,,,,,,2025-10-18
210228081,ZH,1,Aeugst am Albis,CH427771200127,0,1166,,,n.n,,2679703.588,1237579.603,901,1004,1060,1274,,,,,6,,,,,,,,,,,,,,,,,,,,,,,,,2025-10-18
210228082,ZH,1,Aeugst am Albis,CH258820770137,0,416,,,670,,2679563.425,1235530.923,909,1007,1060,1274,,,,2019,,,,,,,,,,,,,,,,,,,,,,,,,,2025-10-18
210228085,ZH,1,Aeugst am Albis,CH567720017811,0,1579,,,n.n,,2679675.439,1237484.352,901,1004,1060,1274,,,,,6,,,,,,,,,,,,,,,,,,,,,,,,,2025-10-18
210228086,ZH,1,Aeugst am Albis,CH127770200141,0,90,,,n.n,Unterstand,2678689.744,1237391.995,901,1004,1080,1274,,,,,72,,,,,,,,,,,,,,,,,,,,,,,,,2025-10-18
210294008,ZH,1,Aeugst am Albis,CH592077770161,0,1704,,,n.n.,,2679340.012,1235707.639,901,1004,1060,,,,,,62,,,,,,,0,,,,,,,,,,,,,,,,,,2025-10-18
210294009,ZH,1,Aeugst am Albis,CH727771200122,0,992,,,n.n.,,2679395.889,1237464.613,901,1004,1060,1242,,,,,37,,,,,,,0,,,,,,,,,,,,,,,,,,2025-10-18
1182,ZH,2,Affoltern am Albis,,0,99999,,,1535,,2675880.816,1236259.861,909,1007,1020,1122,,,8011,1999,,,,,3,3,,,,7430,7530,869,2001-11-29,,,,,7630,7530,869,2001-11-29,,,,,2025-10-18
1335,ZH,2,Affoltern am Albis,,0,2233,,,2271,,2675643.83,1238019.849,909,1007,1020,1110,,,8011,1999,,,,,3,1,,,,7430,7530,869,2001-11-29,,,,,7630,7530,869,2001-11-29,,,,,2025-10-18
1430,ZH,2,Affoltern am Albis,,0,5305,,,2465,,2674870.829,1237829.858,909,1007,1020,1110,,,8019,1999,,,,,3,1,,,,7436,7530,860,2001-11-29,,,,,7630,7530,860,2001-11-29,7600,7500,860,2001-11-29,2025-10-18
191946456,ZH,2,Affoltern am Albis,,0,6390,,,,Terrassenhaus,2677204,1237314,905,1001,1020,1122,,,,,,,,,3,6,,0,,7410,7598,869,2021-03-24,,,,,7610,7598,869,2021-03-24,,,,,2025-10-18
191947426,ZH,2,Affoltern am Albis,CH578977082892,0,4844,,,1,Trafostation,2675725.961,1236075.122,901,1004,1060,1274,,,,,12,,,,,,,0,,,,,,,,,,,,,,,,,,2025-10-18
191950037,ZH,2,Affoltern am Albis,CH607789902813,0,5599,,,3700,Remise,2677531.491,1238368.143,901,1004,1060,1278,,,,,530,,,,,,,0,,,,,,,,,,,,,,,,,,2025-10-18
191957293,ZH,2,Affoltern am Albis,CH288628897752,0,6582,,,n.v.,Hühnerhaus,2677097.45,1237242.218,901,1004,1060,1274,,,,,6,,,,,,,0,,,,,,,,,,,,,,,,,,2025-10-18
191960409,ZH,2,Affoltern am Albis,,0,6995,,,,Boxenlaufstall,2674614,1238358,904,1003,1060,1271,,,,,,7788,969,859,1,,,0,,7400,7500,869,2021-08-23,7400,7500,869,2021-08-23,7600,7500,869,2021-08-23,7600,7500,869,2021-08-23,2025-10-18
191967172,ZH,2,Affoltern am Albis,CH407789712841,0,1762,,,3744,Mehrfamilienhaus,2676325.766,1236967.855,901,1003,1020,1122,,,,,1002,2481,962,857,4,8,,,1002,7411,7598,869,2021-11-19,7400,7500,869,2021-11-19,7610,7598,869,2021-11-19,7600,7500,869,2021-11-19,2025-10-18
191967177,ZH,2,Affoltern am Albis,CH407789712841,0,1762,,,3745,Mehrfamilienhaus,2676294.618,1236956.093,901,1003,1020,1122,,,,,999,2467,962,857,4,8,,,999,7411,7598,869,2021-11-19,7400,7500,869,2021-11-19,7610,7598,869,2021-11-19,7600,7500,869,2021-11-19,2025-10-18
191968982,ZH,2,Affoltern am Albis,CH558728778993,0,3394,,,n.n,Reservoir,2678165.756,1236962.495,901,1004,1060,1274,,,,,3,,,,,,,,,,,,,,,,,,,,,,,,,2025-10-18
191978158,ZH,2,Affoltern am Albis,CH297777814622,0,7003,,,3704,Tiefgarage,2675557.894,1237938.09,901,1004,1080,1242,,,,,1239,,,,,,,,,,,,,,,,,,,,,,,,,2025-10-18
191989620,ZH,2,Affoltern am Albis,,0,6431,,,,Doppelfutterstall Quer,2678208,1238219,904,1008,1080,1271,,,,,,,,,,,,,,,,,,,,,,,,,,,,,,2025-10-18
191999890,ZH,2,Affoltern am Albis,CH289428897730,0,6037,,,3723,Schulprovisorium,2676357.471,1237256.76,901,1004,1060,1263,,,,,282,,,,2,,,,,7431,7540,869,2022-11-09,,,,,,,,,,,,,2025-10-18
192004846,ZH,2,Affoltern am Albis,CH392877088932,0,6536,,,n.v.,Gewächshaus,2677541.302,1236965.995,901,1004,1060,1274,,,,,14,,,,,,,,,7400,7500,869,2023-01-09,7400,7500,869,2023-01-09,7600,7500,869,2023-01-09,7600,7500,869,2023-01-09,2025-10-18
192008807,ZH,2,Affoltern am Albis,,0,6990,,,3730,Mehrfamilienhaus,2676842,1237521,904,1003,1020,1122,,,,,443,3330,962,857,4,4,,,408,7410,7598,869,2023-02-16,7400,7500,869,2023-02-16,7610,7598,869,2023-02-16,7600,7500,869,2023-02-16,2025-10-18
192009621,ZH,2,Affoltern am Albis,CH789428897754,0,5988,,,3741,Ersatzneubau,2676751.271,1236981.69,901,1003,1020,1122,,,,,122,1823,962,857,4,4,,,472,7461,7580,857,2024-06-24,7400,7500,869,2023-02-27,7660,7580,857,2024-06-24,7600,7500,869,2023-02-27,2025-10-18
192009624,ZH,2,Affoltern am Albis,CH789428897754,0,1045,,,3742,Neubau,2676742.529,1236964.88,901,1003,1020,1122,,,,,110,2871,962,857,4,4,,,399,7461,7580,857,2024-06-24,7400,7500,869,2023-02-27,7660,7580,857,2024-06-24,7600,7500,869,2023-02-27,2025-10-18
192015630,ZH,2,Affoltern am Albis,CH292877868926,0,7048,,,3959,,2676666.128,1236810.162,901,1003,1020,1122,,,,,302,5297,962,857,5,8,33,0,1357,7410,7511,869,2025-09-02,7400,7500,869,2023-04-14,7610,7511,869,2025-09-02,7600,7500,869,2023-04-14,2025-10-18
192021864,ZH,2,Affoltern am Albis,,0,6875,,,,Ottenbacherstrasse 102,2674913,1238022,905,1001,1020,1122,,,,,730,,,,3,13,13,,,7410,7598,869,2023-06-20,,,,,7610,7598,869,2023-06-20,,,,,2025-10-18
192027911,ZH,2,Affoltern am Albis,,,,,,3736,Brauipark Baufeld B2,2676106,1236351,904,1003,1020,1122,,,,,696,18917,962,852,8,43,,,4844,7460,7580,869,2023-12-12,7400,7500,869,2023-12-12,7660,7580,869,2023-12-12,7600,7500,869,2023-12-12,2025-10-18
192027912,ZH,2,Affoltern am Albis,,0,7034,,,3735,Brauipark Baufeld B1,2676106,1236351,904,1003,1030,1122,,,,,956,29608,969,857,11,53,,0,6835,7460,7580,869,2023-12-12,7400,7500,869,2023-12-12,7660,7580,869,2023-12-12,7600,7500,869,2023-12-12,2025-10-18
192027914,ZH,2,Affoltern am Albis,,0,7017,,,3737,Brauipark Baufeld B3,2676106,1236351,904,1003,1030,1122,,,,,1489,41403,962,852,9,57,,,10088,7460,7580,857,2023-12-12,7400,7500,857,2023-12-12,7660,7580,857,2023-12-12,7600,7500,857,2023-12-12,2025-10-18
192030910,ZH,2,Affoltern am Albis,CH757128778969,0,7057,,,3956,,2676602.341,1236448.884,901,1003,1020,1122,,,,,496,5857,962,857,5,13,,0,1858,7410,7511,869,2023-09-11,7400,7500,869,2023-09-11,7610,7511,869,2023-09-11,7600,7500,869,2023-09-11,2025-10-18
192030932,ZH,2,Affoltern am Albis,CH818983287722,0,4401,,,3747,Mehrfamilienhaus,2676457.347,1237084.464,901,1003,1020,1122,,,,,1379,4364,962,857,4,6,,,706,7410,7511,869,2023-09-11,7400,7500,869,2023-09-11,7610,7511,869,2023-09-11,7600,7500,869,2023-09-11,2025-10-18
192032215,ZH,2,Affoltern am Albis,CH867728899343,0,5863,,,n.n,Temporäres Lagerzelt,2676470.541,1236282.496,901,1004,1060,1252,,,,,318,78,962,869,,,,,5,,,,,,,,,,,,,,,,,2025-10-18
192033546,ZH,2,Affoltern am Albis,CH732877898348,0,4385,,,3750,,2676498.174,1237100.117,901,1003,1030,1122,,,,,342,6700,962,857,5,12,,1,342,7410,7511,857,2023-10-03,7400,7500,857,2023-10-03,7610,7511,857,2023-10-03,7600,7500,857,2023-10-03,2025-10-18
192036343,ZH,2,Affoltern am Albis,CH607789712870,0,1851,,,n.v.,,2676214.175,1236827.824,901,1004,1060,1276,,,,,8,,,,,,,,,,,,,,,,,,,,,,,,,2025-10-18
192042730,ZH,2,Affoltern am Albis,CH492877798976,0,1136,,,3751,Mehrfamilienhaus,2676496.093,1236803.934,901,1003,1020,1122,,,,,310,7397,962,869,5,14,,1,1423,7410,7511,869,2025-01-31,7400,7500,869,2025-01-15,7610,7511,869,2025-01-31,7600,7500,869,2025-01-15,2025-10-18
192043859,ZH,2,Affoltern am Albis,,0,5658,,,,AVA-Areal Haus F,2676558,1236833,904,1002,1020,1122,,,,,307,7036,962,857,6,16,,,1842,7461,7580,869,2025-06-16,7400,7500,857,2023-08-10,7660,7580,869,2025-06-16,7600,7500,857,2023-08-10,2025-10-18
192044185,ZH,2,Affoltern am Albis,,0,5658,,,,AVA-Areal Haus G,2676622,1236821,904,1002,1020,1122,,,,,346,6179,962,857,6,12,,,1963,7461,7580,869,2025-06-16,7400,7500,857,2023-08-10,7660,7580,869,2025-06-16,7600,7500,857,2023-08-10,2025-10-18
192044186,ZH,2,Affoltern am Albis,,0,5658,,,,AVA-Areal Haus C,2676544,1236823,904,1002,1020,1122,,,,,309,3726,962,857,6,10,,,1403,7461,7580,869,2025-06-16,7400,7500,857,2023-08-10,7660,7580,869,2025-06-16,7600,7500,857,2023-08-10,2025-10-18
192044188,ZH,2,Affoltern am Albis,,0,5658,,,,AVA-Areal Haus E,2676549,1236827,904,1002,1020,1122,,,,,210,5124,962,857,6,11,,,1260,7461,7580,869,2025-06-16,7400,7500,857,2023-08-10,7660,7580,869,2025-06-16,7600,7500,857,2023-08-10,2025-10-18
192044189,ZH,2,Affoltern am Albis,,0,5658,,,,AVA-Areal Haus B,2676541,1236820,904,1002,1020,1122,,,,,291,5391,962,857,6,12,,,1746,7461,7580,869,2025-06-16,7400,7500,857,2023-08-10,7660,7580,869,2025-06-16,7600,7500,857,2023-08-10,2025-10-18
192044227,ZH,2,Affoltern am Albis,CH474677827746,0,7058,,,3957,,2676596.714,1236416.12,901,1003,1020,1122,,,,,394,3875,962,857,4,9,,0,1212,7410,7511,869,2023-09-11,7400,7500,869,2023-09-11,7610,7511,869,2023-09-11,7600,7500,869,2023-09-11,2025-10-18
192044239,ZH,2,Affoltern am Albis,CH488277467771,0,7059,,,3958,,2676629.058,1236404.948,901,1003,1020,1122,,,,,479,5966,962,857,5,,,1,1915,7410,7511,869,2023-09-11,7400,7500,869,2023-09-11,7610,7511,869,2023-09-11,7600,7500,869,2023-09-11,2025-10-18
192044312,ZH,2,Affoltern am Albis,,0,5658,,,,AVA-Areal Haus A,2676544,1236823,904,1002,1020,1122,,,,,487,9178,962,857,6,20,,,2839,7461,7580,869,2025-06-16,7400,7500,857,2023-08-10,7660,7580,869,2025-06-16,7600,7500,857,2023-08-10,2025-10-18
192044321,ZH,2,Affoltern am Albis,,0,5658,,,,AVA-Areal Haus D,2676544,1236823,904,1002,1020,1122,,,,,328,5734,962,857,6,12,,,1869,7461,7580,869,2025-06-16,7400,7500,857,2023-08-10,7660,7580,869,2025-06-16,7600,7500,857,2023-08-10,2025-10-18
192052500,ZH,2,Affoltern am Albis,,,,,,3715,Tiefgarage,2676141.386,1236401.59,901,1003,1080,1242,,,,,98,5,962,859,1,,,,5,7400,7500,857,2024-03-25,7400,7500,869,2024-03-25,7600,7500,857,2024-03-25,7600,7500,869,2024-03-25,2025-10-18
192065081,ZH,2,Affoltern am Albis,CH789428897754,0,1045,,,3743,Tiefgarage,2676755.054,1236967.076,901,1003,1080,1242,,,,,434,434,962,869,1,,,,,7400,7500,869,2024-08-19,7400,7500,869,2024-08-19,7600,7500,869,2024-08-19,7600,7500,869,2024-08-19,2025-10-18
192065087,ZH,2,Affoltern am Albis,,0,1588,,,,Mehrfamilienhaus,2677081,1237098,904,1002,1020,1122,,,,,243,3538,962,857,4,6,,,783,7410,7510,857,2024-11-26,7400,7500,857,2024-11-26,7610,7510,857,2024-11-26,7600,7500,857,2024-11-26,2025-10-18
192065286,ZH,2,Affoltern am Albis,CH407789712841,0,1762,,,3746,Tiefgarage,2676308.221,1236964.402,901,1003,1080,1242,,,,,302,5,962,857,1,,,,,7400,7500,857,2024-08-30,7400,7500,857,2024-08-30,7600,7500,857,2024-08-30,7600,7500,857,2024-08-30,2025-10-18
192066038,ZH,2,Affoltern am Albis,,0,1919,,,,,2676755,1236523,904,1002,1020,1122,,,,,2194,5713,962,857,4,3,,,1033,7410,7510,857,2024-08-27,7400,7500,857,2024-08-27,7610,7510,857,2024-08-27,7600,7500,857,2024-08-27,2025-10-18
192066852,ZH,2,Affoltern am Albis,CH187828897711,0,572,,,3738,Gartenschopf,2676188.522,1236695.228,901,1004,1060,1277,,,,,7,,,,,,,,,,,,,,,,,,,,,,,,,2025-10-18
192080874,ZH,2,Affoltern am Albis,,0,6060,,,1,Pergola,2677736,1236805,904,1004,1060,1274,,,,,17,,,,,,,,,,,,,,,,,,,,,,,,,2025-10-18
192082257,ZH,2,Affoltern am Albis,CH867728898452,0,4573,,,n.v.,Velounterstand,2676436.283,1235896.636,901,1004,1060,1242,,,,,10,,,,,,,,,,,,,,,,,,,,,,,,,2025-10-18
192082477,ZH,2,Affoltern am Albis,,0,6954,,,,Provisorium Coop-Restaurant,2676000,1236000,904,1002,1080,1274,,,,,131,643,969,869,1,,,,,,,,,,,,,,,,,,,,,2025-10-18
192082783,ZH,2,Affoltern am Albis,CH507789712807,0,1778,,,3953,Arealüberbauung Etappe 1,2676212.141,1236745.423,901,1003,1020,1122,,,,,636,16921,962,869,5,20,,1,3104,7410,7511,869,2024-06-28,7400,7500,869,2024-06-28,7610,7511,869,2024-06-28,7600,7500,869,2024-06-28,2025-10-18
192084831,ZH,2,Affoltern am Albis,CH214681777794,0,7006,,,3950,Terrassenhaus,2677309.449,1237147.095,901,1003,1020,1122,,,,,1270,2425,962,857,3,3,,,508,7411,7510,869,2024-10-29,7400,7500,869,2024-10-29,7610,7510,869,2024-10-29,7600,7500,869,2024-10-29,2025-10-18
192084832,ZH,2,Affoltern am Albis,CH214681777794,0,7006,,,3951,Terrassenhaus,2677315.403,1237122.593,901,1003,1020,1122,,,,,1270,2425,962,857,3,3,,0,467,7411,7510,869,2024-10-29,7400,7500,869,2024-10-29,7610,7510,869,2024-10-29,7600,7500,869,2024-10-29,2025-10-18
192086946,ZH,2,Affoltern am Albis,CH218998287791,0,5260,,,3697,Gartenpavillon,2676871.549,1236623.878,901,1004,1060,1274,,,,,6,,,,,,,,,,,,,,,,,,,,,,,,,2025-10-18
192086949,ZH,2,Affoltern am Albis,CH218998287791,0,5260,,,3698,Gartenpavillon,2676868.551,1236636.702,901,1004,1060,1274,,,,,6,,,,,,,,,,,,,,,,,,,,,,,,,2025-10-18
192087762,ZH,2,Affoltern am Albis,,0,7006,,,3952,Tiefgarage,2677308,1237150,904,1003,1080,1242,,,,,,,,,,,,,,,,,,,,,,,,,,,,,,2025-10-18
192087947,ZH,2,Affoltern am Albis,,,,,,,Mehrfamilienhaus,2676335,1237011,904,1001,1020,1122,,,,,484,4962,962,857,4,7,,,729,7410,7501,857,2025-04-28,7400,7500,857,2025-04-28,7610,7501,857,2025-04-28,7600,7500,857,2025-04-28,2025-10-18
192090556,ZH,2,Affoltern am Albis,CH818985287704,0,4721,,,n.v.,Nebengebäude für Spielgeräte,2677103.567,1236782.671,901,1004,1060,1274,,,,,7,,,,1,,,0,,,,,,,,,,,,,,,,,,2025-10-18
192090679,ZH,2,Affoltern am Albis,,0,6940,,,,,2676099,1238087,904,1002,1020,1110,,,,,99,1178,962,869,3,1,,1,233,7410,7501,869,2025-07-01,7400,7500,869,2025-07-01,7610,7501,869,2025-07-01,7600,7500,869,2025-07-01,2025-10-18
192090680,ZH,2,Affoltern am Albis,,0,6940,,,,Looacherstrasse,2676093,1238087,904,1002,1020,1110,,,,,95,1126,962,852,3,1,,0,234,7410,7501,869,2025-07-01,7400,7500,869,2025-07-01,7610,7501,869,2025-07-01,7600,7500,869,2025-07-01,2025-10-18
192090681,ZH,2,Affoltern am Albis,,0,6940,,,,,2676109,1238089,904,1002,1020,1110,,,,,95,1126,962,869,3,,,0,234,7410,7501,869,2025-07-01,7400,7500,869,2025-07-01,7610,7501,869,2025-07-01,7600,7500,869,2025-07-01,2025-10-18
192091120,ZH,2,Affoltern am Albis,,0,4662,,,,,2675584,1237831,904,1002,1020,1122,,,,,267,3541,962,869,5,8,,1,1000,7410,7598,869,2025-07-01,7400,7500,869,2025-07-01,7610,7598,869,2025-07-01,7600,7500,869,2025-07-01,2025-10-18
192091708,ZH,2,Affoltern am Albis,CH892877968983,0,7067,,,3960,,2675575.227,1236351.237,901,1002,1060,1251,,,,,2394,20327,962,869,4,,,0,3421,7410,7501,869,2025-06-27,7400,7500,869,2025-06-27,7610,7501,869,2025-06-27,7600,7500,869,2025-06-27,2025-10-18
192093650,ZH,2,Affoltern am Albis,CH467728897107,0,7056,,,3955,Unterniveaugarage,2676613.794,1236421.152,901,1003,1080,1242,,,,,1387,3830,962,869,,,,0,,7400,7500,869,2025-07-18,7400,7500,869,2025-07-18,7600,7500,869,2025-07-18,7600,7500,869,2025-07-18,2025-10-18
192094629,ZH,2,Affoltern am Albis,CH867777468233,0,7042,,,n.v.,Garage,2675262.605,1237893.647,901,1004,1060,1242,,,,,16,,,,,,,0,,,,,,,,,,,,,,,,,,2025-10-18
192097144,ZH,2,Affoltern am Albis,,0,1256,,,offen,,2676724,1236546,904,1002,1020,1122,,,,,450,11352,962,869,6,22,,1,2422,7410,7511,869,2025-09-05,7400,7500,869,2025-09-05,7610,7511,869,2025-09-05,7600,7500,869,2025-09-05,2025-10-18
192097319,ZH,2,Affoltern am Albis,,0,7070,,,offen,,2676363,1236517,904,1002,1020,1122,,,,,456,13826,962,869,7,30,,1,3133,7460,7581,869,2025-09-09,7400,7500,869,2025-09-09,7660,7581,869,2025-09-09,7600,7500,869,2025-09-09,2025-10-18
192097326,ZH,2,Affoltern am Albis,,0,643,,,offen,,2676383,1236545,904,1002,1020,1122,,,,,135,3217,962,869,6,6,,0,801,7460,7581,869,2025-09-09,7400,7500,869,2025-09-09,7660,7581,869,2025-09-09,7600,7500,869,2025-09-09,2025-10-18
192097784,ZH,2,Affoltern am Albis,,0,5622,,,n.v.,Jurte,2677858,1236780,904,1002,1060,1264,,,,,50,143,969,859,1,,,0,50,7436,7541,869,2025-09-16,7400,7500,869,2025-09-16,7600,7500,869,2025-09-16,7600,7500,869,2025-09-16,2025-10-18
201028111,ZH,2,Affoltern am Albis,CH827785288941,0,4723,,,n.v.,Sammlungszentrum,2676163.452,1235827.153,901,1004,1060,1262,,,,,1966,,,,,,,,,7430,7530,869,2009-10-19,7400,7500,869,2009-10-19,7630,7530,869,2009-10-19,7600,7500,869,2009-10-19,2025-10-18
210197299,ZH,2,Affoltern am Albis,,0,6135,,,2506,Remise mit Scheune,2674610.125,1238340.125,909,1007,1060,1252,,,,2014,,,,,2,,,,,7400,7500,869,2013-01-10,7400,7500,869,2013-01-10,7600,7500,869,2013-01-10,7600,7500,869,2013-01-10,2025-10-18
210220633,ZH,2,Affoltern am Albis,CH918975287760,0,2826,,,2416,Scheune,2675103.026,1237938.665,909,1007,1060,1252,,,,2021,,,,,,,,,,,,,,,,,,,,,,,,,,2025-10-18
210220756,ZH,2,Affoltern am Albis,,0,6888,,,1544,Brauereigebäude,2676031.036,1236414.649,909,1007,1060,1251,,,,2010,,,,,,,,,,7430,7540,869,2018-04-10,,,,,7630,7540,869,2018-04-10,,,,,2025-10-18
210220757,ZH,2,Affoltern am Albis,,0,6888,,,1530,Mostereihalle,2676031.036,1236414.649,909,1007,1060,1252,,,,2010,,,,,,,,,,,,,,,,,,,,,,,,,,2025-10-18
210246379,ZH,2,Affoltern am Albis,CH659828778953,0,6938,,,3675,Gewerbehaus,2675901.892,1236598.647,901,1004,1060,1230,,,,,1566,,,,,,,0,,7410,7598,869,2019-06-13,,,,,7610,7598,869,2019-06-13,,,,,2025-10-18
210262185,ZH,2,Affoltern am Albis,CH827785288941,0,4723,,,n.n,,2676299.133,1235855.652,901,1004,1060,1274,,,,,3522,,,,,,,0,,,,,,,,,,,,,,,,,,2025-10-18
210262186,ZH,2,Affoltern am Albis,CH827785288941,0,4723,,,n.v.,,2676223.177,1235832.97,901,1004,1060,1274,,,,,2670,,,,,,,0,,,,,,,,,,,,,,,,,,2025-10-18
210262187,ZH,2,Affoltern am Albis,CH867728899343,0,5863,,,n.n,,2676470.58,1236241.154,901,1004,1060,1274,,,,,2224,,,,,,,0,,,,,,,,,,,,,,,,,,2025-10-18
210262188,ZH,2,Affoltern am Albis,CH867728899343,0,5863,,,n.n,,2676478.797,1236338.128,901,1004,1060,1274,,,,,1441,,,,,,,0,,,,,,,,,,,,,,,,,,2025-10-18
210262189,ZH,2,Affoltern am Albis,CH867728899343,0,5863,,,n.n,,2676507.667,1236308.065,901,1004,1060,1274,,,,,662,,,,,,,0,,,,,,,,,,,,,,,,,,2025-10-18
210262190,ZH,2,Affoltern am Albis,CH992877098919,0,6142,,,n.n,,2675180.37,1238526.99,901,1004,1060,1271,,,,,226,,,,,,,0,,,,,,,,,,,,,,,,,,2025-10-18
210262191,ZH,2,Affoltern am Albis,CH767777468069,0,6354,,,n.n,,2677033.9,1237556.737,901,1004,1060,1220,,,,,169,,,,,,,0,,,,,,,,,,,,,,,,,,2025-10-18
210262192,ZH,2,Affoltern am Albis,CH532877898022,0,3935,,,n.n,,2676073.419,1236111.312,901,1004,1060,1274,,,,,158,,,,,,,0,,,,,,,,,,,,,,,,,,2025-10-18
210262193,ZH,2,Affoltern am Albis,CH287728897704,0,242,,,n.n,,2676783.165,1237099.384,901,1004,1060,1274,,,,,121,,,,,,,0,,,,,,,,,,,,,,,,,,2025-10-18
210262194,ZH,2,Affoltern am Albis,CH767728890964,0,6136,,,n.n,,2674876.129,1238854.915,901,1004,1060,1241,,,,,118,,,,,,,0,,,,,,,,,,,,,,,,,,2025-10-18
210262195,ZH,2,Affoltern am Albis,CH732877898942,0,3634,,,n.n,,2676995.517,1236014.641,901,1004,1060,1271,,,,,99,,,,,,,0,,,,,,,,,,,,,,,,,,2025-10-18
210262196,ZH,2,Affoltern am Albis,CH818985287704,0,4721,,,n.n,,2677072.092,1236834.039,901,1004,1060,1274,,,,,90,,,,,,,0,,,,,,,,,,,,,,,,,,2025-10-18
210262197,ZH,2,Affoltern am Albis,CH667728899017,0,5606,,,n.n,,2677188.984,1237458.229,901,1004,1060,1274,,,,,89,,,,,,,0,,,,,,,,,,,,,,,,,,2025-10-18
210262198,ZH,2,Affoltern am Albis,CH827707288964,0,6251,,,n.n,,2675623.473,1237305.249,901,1004,1060,1271,,,,,86,,,,,,,0,,,,,,,,,,,,,,,,,,2025-10-18
210262199,ZH,2,Affoltern am Albis,CH807789072897,0,6249,,,n.n,,2675601.025,1237486.185,901,1004,1060,1274,,,,,80,,,,,,,0,,,,,,,,,,,,,,,,,,2025-10-18
210262200,ZH,2,Affoltern am Albis,CH518997287795,0,5137,,,n.n,,2675818.309,1236438.495,901,1004,1060,1274,,,,,77,,,,,,,0,,,,,,,,,,,,,,,,,,2025-10-18
210262201,ZH,2,Affoltern am Albis,CH278977002824,0,6668,,,n.n,,2676055.066,1236129.911,901,1004,1060,1274,,,,,67,,,,,,,0,,,,,,,,,,,,,,,,,,2025-10-18
210262202,ZH,2,Affoltern am Albis,CH232877890802,0,6490,,,n.n,,2677086.15,1236491.295,901,1004,1060,1274,,,,,65,,,,,,,0,,,,,,,,,,,,,,,,,,2025-10-18
210262203,ZH,2,Affoltern am Albis,CH967728897725,0,125,,,n.n,,2676948.165,1237331.019,901,1004,1060,1274,,,,,57,,,,,,,0,,,,,,,,,,,,,,,,,,2025-10-18
210262204,ZH,2,Affoltern am Albis,CH818907287727,0,6250,,,n.n,,2675643.188,1237397.959,901,1004,1060,1274,,,,,55,,,,,,,0,,,,,,,,,,,,,,,,,,2025-10-18
210262205,ZH,2,Affoltern am Albis,CH857428778951,0,2559,,,n.n,,2675077.405,1238213.643,901,1004,1060,1271,,,,,50,,,,,,,0,,,,,,,,,,,,,,,,,,2025-10-18
210262206,ZH,2,Affoltern am Albis,CH678977962885,0,6217,,,n.n,,2674796.58,1237568.721,901,1004,1060,1271,,,,,48,,,,,,,0,,,,,,,,,,,,,,,,,,2025-10-18
210262207,ZH,2,Affoltern am Albis,CH878977782871,0,476,,,n.n,,2676572.378,1236758.092,901,1004,1060,1274,,,,,47,,,,,,,0,,,,,,,,,,,,,,,,,,2025-10-18
210262208,ZH,2,Affoltern am Albis,CH278977002824,0,6668,,,n.n,,2676003.515,1236158.071,901,1004,1060,1274,,,,,42,,,,,,,0,,,,,,,,,,,,,,,,,,2025-10-18
210262209,ZH,2,Affoltern am Albis,CH378977972887,0,5101,,,n.n,,2676200.768,1236132.105,901,1004,1060,1274,,,,,40,,,,,,,0,,,,,,,,,,,,,,,,,,2025-10-18
210262210,ZH,2,Affoltern am Albis,CH607789892816,0,3801,,,n.n,,2676449.981,1236001.616,901,1004,1060,1274,,,,,39,,,,,,,0,,,,,,,,,,,,,,,,,,2025-10-18
210262211,ZH,2,Affoltern am Albis,CH827707288964,0,6251,,,n.n,,2675642.237,1237334.754,901,1004,1060,1271,,,,,38,,,,,,,0,,,,,,,,,,,,,,,,,,2025-10-18
210262212,ZH,2,Affoltern am Albis,CH948928777892,0,564,,,n.n,,2676107.773,1236704.755,901,1004,1060,1274,,,,,38,,,,,,,0,,,,,,,,,,,,,,,,,,2025-10-18
210262213,ZH,2,Affoltern am Albis,CH780828897748,0,6612,,,n.v.,Unterstand,2676835.684,1236706.293,901,1004,1060,1274,,,,,37,,,,,,,0,,,,,,,,,,,,,,,,,,2025-10-18
210262214,ZH,2,Affoltern am Albis,CH718983287756,0,4380,,,n.n,,2675845.94,1236392.896,901,1004,1060,1274,,,,,51,,,,,,,0,,,,,,,,,,,,,,,,,,2025-10-18
210262215,ZH,2,Affoltern am Albis,CH732877899833,0,6993,,,n.n,,2677987.061,1236782.278,901,1004,1060,1274,,,,,35,,,,,,,0,,,,,,,,,,,,,,,,,,2025-10-18
210262216,ZH,2,Affoltern am Albis,CH418983287761,0,4498,,,n.n,,2676446.879,1235814.633,901,1004,1060,1274,,,,,35,,,,,,,0,,,,,,,,,,,,,,,,,,2025-10-18
210262217,ZH,2,Affoltern am Albis,CH487428897717,0,2687,,,n.n,,2675141.336,1237950.048,901,1004,1060,1274,,,,,33,,,,,,,0,,,,,,,,,,,,,,,,,,2025-10-18
210262218,ZH,2,Affoltern am Albis,CH958228778992,0,4251,,,n.n,,2676654.337,1237896.863,901,1004,1060,1274,,,,,33,,,,,,,0,,,,,,,,,,,,,,,,,,2025-10-18
210262219,ZH,2,Affoltern am Albis,CH780828897748,0,6612,,,n.v.,Überdachung,2676827.143,1236673.437,901,1004,1060,1274,,,,,32,,,,,,,0,,,,,,,,,,,,,,,,,,2025-10-18
210262220,ZH,2,Affoltern am Albis,CH767777468069,0,6354,,,n.n,,2676993.554,1237652.11,901,1004,1060,1274,,,,,31,,,,,,,0,,,,,,,,,,,,,,,,,,2025-10-18
210262221,ZH,2,Affoltern am Albis,CH827785288941,0,4723,,,n.n,,2676287.679,1235710.79,901,1004,1060,1274,,,,,31,,,,,,,0,,,,,,,,,,,,,,,,,,2025-10-18
210262222,ZH,2,Affoltern am Albis,CH718971287767,0,1615,,,n.n,,2676834.773,1237461.553,901,1004,1060,1274,,,,,31,,,,,,,0,,,,,,,,,,,,,,,,,,2025-10-18
210262223,ZH,2,Affoltern am Albis,CH692877848990,0,4680,,,n.n,,2676571.334,1236294.622,901,1004,1060,1274,,,,,29,,,,,,,0,,,,,,,,,,,,,,,,,,2025-10-18
210262224,ZH,2,Affoltern am Albis,CH157328778925,0,2316,,,n.n,,2676044.186,1237559.516,901,1004,1060,1271,,,,,28,,,,,,,0,,,,,,,,,,,,,,,,,,2025-10-18
210262225,ZH,2,Affoltern am Albis,CH559428778901,0,6093,,,n.n,,2677458.76,1237033.123,901,1004,1060,1274,,,,,27,,,,,,,0,,,,,,,,,,,,,,,,,,2025-10-18
210262226,ZH,2,Affoltern am Albis,CH107789082841,0,6475,,,n.n,,2677074.972,1236548.28,901,1004,1060,1274,,,,,26,,,,,,,0,,,,,,,,,,,,,,,,,,2025-10-18
210262227,ZH,2,Affoltern am Albis,CH648928779481,0,6237,,,n.n,,2675594.687,1238121.285,901,1004,1060,1274,,,,,26,,,,,,,0,,,,,,,,,,,,,,,,,,2025-10-18
210262228,ZH,2,Affoltern am Albis,CH692877848990,0,4680,,,n.n,,2676547.198,1236300.257,901,1004,1060,1274,,,,,25,,,,,,,0,,,,,,,,,,,,,,,,,,2025-10-18
210262229,ZH,2,Affoltern am Albis,CH448928779551,0,6720,,,n.n,,2676113.311,1235886.006,901,1004,1060,1274,,,,,24,,,,,,,0,,,,,,,,,,,,,,,,,,2025-10-18
210262230,ZH,2,Affoltern am Albis,CH592877938997,0,5961,,,n.v.,,2676269.359,1236611.153,901,1004,1060,1241,,,,,24,,,,,,,0,,,,,,,,,,,,,,,,,,2025-10-18
210262231,ZH,2,Affoltern am Albis,CH658628778986,0,5006,,,n.n,,2676637.558,1237698.565,901,1004,1060,1274,,,,,24,,,,,,,0,,,,,,,,,,,,,,,,,,2025-10-18
210262232,ZH,2,Affoltern am Albis,CH487428897717,0,2687,,,n.n,,2675133.041,1237957.175,901,1004,1060,1274,,,,,24,,,,,,,0,,,,,,,,,,,,,,,,,,2025-10-18
210262233,ZH,2,Affoltern am Albis,CH807789932833,0,5856,,,n.n,,2676335.998,1236149.652,901,1004,1060,1274,,,,,23,,,,,,,0,,,,,,,,,,,,,,,,,,2025-10-18
210262234,ZH,2,Affoltern am Albis,CH650828778958,0,6168,,,n.n,,2675464.845,1237892.081,901,1004,1060,1274,,,,,23,,,,,,,0,,,,,,,,,,,,,,,,,,2025-10-18
210262235,ZH,2,Affoltern am Albis,CH507789722804,0,2046,,,n.n,,2676065.547,1237009.193,901,1004,1060,1274,,,,,22,,,,,,,0,,,,,,,,,,,,,,,,,,2025-10-18
210262236,ZH,2,Affoltern am Albis,CH918909287772,0,6305,,,n.n,,2676288.117,1235534.939,901,1004,1060,1271,,,,,22,,,,,,,0,,,,,,,,,,,,,,,,,,2025-10-18
210262237,ZH,2,Affoltern am Albis,CH767728897003,0,1316,,,n.n,,2676287.845,1236805.136,901,1004,1060,1274,,,,,21,,,,,,,0,,,,,,,,,,,,,,,,,,2025-10-18
210262238,ZH,2,Affoltern am Albis,CH867728897957,0,837,,,n.n,,2676220.61,1236919.978,901,1004,1060,1274,,,,,21,,,,,,,0,,,,,,,,,,,,,,,,,,2025-10-18
210262239,ZH,2,Affoltern am Albis,CH380728897717,0,6302,,,n.n,,2675899.976,1235925.574,901,1004,1060,1220,,,,,21,,,,,,,0,,,,,,,,,,,,,,,,,,2025-10-18
210262240,ZH,2,Affoltern am Albis,CH232877897730,0,286,,,n.n,,2676950.215,1236944.6,901,1004,1060,1274,,,,,21,,,,,,,0,,,,,,,,,,,,,,,,,,2025-10-18
210262241,ZH,2,Affoltern am Albis,CH827707288964,0,6251,,,n.n,,2675643.885,1237360.662,901,1004,1060,1271,,,,,21,,,,,,,0,,,,,,,,,,,,,,,,,,2025-10-18
210262242,ZH,2,Affoltern am Albis,CH448928779551,0,6720,,,n.n,,2676044.799,1235836.7,901,1004,1060,1274,,,,,20,,,,,,,0,,,,,,,,,,,,,,,,,,2025-10-18
210262243,ZH,2,Affoltern am Albis,CH887728897791,0,56,,,n.n,,2676821.485,1237299.427,901,1004,1060,1274,,,,,20,,,,,,,0,,,,,,,,,,,,,,,,,,2025-10-18
210262244,ZH,2,Affoltern am Albis,CH157828778984,0,579,,,n.n,,2676197.274,1236686.015,904,1007,1060,1274,,,,2023,20,,,,,,,0,,,,,,,,,,,,,,,,,,2025-10-18
210262246,ZH,2,Affoltern am Albis,CH780828897748,0,6612,,,n.v.,,2676774.899,1236670.092,901,1004,1060,1274,,,,,20,,,,,,,0,,,,,,,,,,,,,,,,,,2025-10-18
210262247,ZH,2,Affoltern am Albis,CH867728899343,0,5863,,,n.n,,2676524.228,1236360.151,901,1004,1060,1274,,,,,19,,,,,,,0,,,,,,,,,,,,,,,,,,2025-10-18
210262248,ZH,2,Affoltern am Albis,CH307789942806,0,6049,,,n.n,,2676687.995,1237228.819,901,1004,1060,1274,,,,,19,,,,,,,0,,,,,,,,,,,,,,,,,,2025-10-18
210262249,ZH,2,Affoltern am Albis,CH707789832897,0,4377,,,n.n,,2676955.997,1237262.037,901,1004,1060,1274,,,,,19,,,,,,,0,,,,,,,,,,,,,,,,,,2025-10-18
210262250,ZH,2,Affoltern am Albis,CH357728778943,0,298,,,n.n,,2676872.812,1236985.367,901,1004,1060,1274,,,,,19,,,,,,,0,,,,,,,,,,,,,,,,,,2025-10-18
210262251,ZH,2,Affoltern am Albis,CH167728897409,0,2627,,,n.n,,2676179.029,1237409.052,901,1004,1060,1274,,,,,19,,,,,,,0,,,,,,,,,,,,,,,,,,2025-10-18
210262252,ZH,2,Affoltern am Albis,CH578977782876,0,784,,,n.n,,2676786.254,1236123.01,901,1004,1060,1274,,,,,18,,,,,,,0,,,,,,,,,,,,,,,,,,2025-10-18
210262253,ZH,2,Affoltern am Albis,CH627789288973,0,3803,,,n.n,,2676486.637,1236003.552,901,1004,1060,1274,,,,,18,,,,,,,0,,,,,,,,,,,,,,,,,,2025-10-18
210262254,ZH,2,Affoltern am Albis,CH888028897710,0,3824,,,n.n,,2676431.623,1236003.832,901,1004,1060,1274,,,,,18,,,,,,,0,,,,,,,,,,,,,,,,,,2025-10-18
210262255,ZH,2,Affoltern am Albis,CH648928777503,0,2983,,,n.n,,2676058.613,1236579.616,901,1004,1060,1274,,,,,18,,,,,,,0,,,,,,,,,,,,,,,,,,2025-10-18
210262256,ZH,2,Affoltern am Albis,CH932877897684,0,3070,,,n.n,,2676192.302,1236004.919,901,1004,1060,1274,,,,,18,,,,,,,0,,,,,,,,,,,,,,,,,,2025-10-18
210262257,ZH,2,Affoltern am Albis,CH507789702810,0,1555,,,n.n,,2676360.804,1237192.72,901,1004,1060,1274,,,,,18,,,,,,,0,,,,,,,,,,,,,,,,,,2025-10-18
210262258,ZH,2,Affoltern am Albis,CH127796288983,0,6126,,,n.n,,2674555.013,1238445.84,901,1004,1060,1271,,,,,18,,,,,,,0,,,,,,,,,,,,,,,,,,2025-10-18
210262259,ZH,2,Affoltern am Albis,CH127796288983,0,6126,,,n.n,,2674526.504,1238462.045,901,1004,1060,1271,,,,,17,,,,,,,0,,,,,,,,,,,,,,,,,,2025-10-18
210262260,ZH,2,Affoltern am Albis,CH348928778496,0,6576,,,n.n,,2675339.943,1237789.517,901,1004,1060,1271,,,,,17,,,,,,,0,,,,,,,,,,,,,,,,,,2025-10-18
210262261,ZH,2,Affoltern am Albis,CH178977952864,0,6354,,,n.n,,2676963.395,1237486.382,901,1004,1060,1274,,,,,17,,,,,,,0,,,,,,,,,,,,,,,,,,2025-10-18
210262262,ZH,2,Affoltern am Albis,CH732877898942,0,3634,,,n.n,,2677024.902,1235986.76,901,1004,1060,1274,,,,,17,,,,,,,0,,,,,,,,,,,,,,,,,,2025-10-18
210262263,ZH,2,Affoltern am Albis,CH892877758949,0,2793,,,n.n,,2674462.005,1238578.51,901,1004,1060,1274,,,,,17,,,,,,,0,,,,,,,,,,,,,,,,,,2025-10-18
210262264,ZH,2,Affoltern am Albis,CH958228778992,0,4251,,,n.n,,2676658.107,1237899.262,901,1004,1060,1274,,,,,16,,,,,,,0,,,,,,,,,,,,,,,,,,2025-10-18
210262265,ZH,2,Affoltern am Albis,CH667728899413,0,6320,,,n.n,,2675649.032,1238104.154,901,1004,1060,1274,,,,,16,,,,,,,0,,,,,,,,,,,,,,,,,,2025-10-18
210262266,ZH,2,Affoltern am Albis,CH327792288951,0,5791,,,n.n,,2676935.211,1236803.833,901,1004,1060,1274,,,,,16,,,,,,,0,,,,,,,,,,,,,,,,,,2025-10-18
210262267,ZH,2,Affoltern am Albis,CH218900287703,0,6840,,,n.n,,2676745.124,1237309.711,901,1004,1060,1274,,,,,16,,,,,,,0,,,,,,,,,,,,,,,,,,2025-10-18
210262269,ZH,2,Affoltern am Albis,CH118977287723,0,207,,,n.n,,2676645.041,1237038.268,901,1004,1060,1274,,,,,16,,,,,,,0,,,,,,,,,,,,,,,,,,2025-10-18
210262270,ZH,2,Affoltern am Albis,CH792877838959,0,4371,,,n.n,,2676370.879,1236003.661,901,1004,1060,1274,,,,,16,,,,,,,0,,,,,,,,,,,,,,,,,,2025-10-18
210262271,ZH,2,Affoltern am Albis,CH292877088966,0,6486,,,n.n,,2677365.535,1236229.905,901,1004,1060,1271,,,,,16,,,,,,,0,,,,,,,,,,,,,,,,,,2025-10-18
210262272,ZH,2,Affoltern am Albis,CH518977287781,0,359,,,n.n,,2676264.791,1236766.402,904,1007,1060,1274,,,,2025,16,,,,,,,0,,,,,,,,,,,,,,,,,,2025-10-18
210262273,ZH,2,Affoltern am Albis,CH307789932809,0,5922,,,n.n,,2675885.99,1238116.832,901,1004,1060,1274,,,,,16,,,,,,,0,,,,,,,,,,,,,,,,,,2025-10-18
210262274,ZH,2,Affoltern am Albis,CH332877890073,0,6827,,,n.n,,2676018.282,1238121.633,901,1004,1060,1274,,,,,16,,,,,,,0,,,,,,,,,,,,,,,,,,2025-10-18
210262275,ZH,2,Affoltern am Albis,CH427701288960,0,6925,,,n.n,,2675942.018,1237722.784,901,1004,1060,1271,,,,,15,,,,,,,0,,,,,,,,,,,,,,,,,,2025-10-18
210262276,ZH,2,Affoltern am Albis,CH780828897748,0,6612,,,n.v.,Unterstand,2676816.171,1236715.689,901,1004,1060,1274,,,,,15,,,,,,,0,,,,,,,,,,,,,,,,,,2025-10-18
210262277,ZH,2,Affoltern am Albis,CH207789782888,0,588,,,n.n,,2676205.199,1236582.66,901,1004,1060,1274,,,,,15,,,,,,,0,,,,,,,,,,,,,,,,,,2025-10-18
210262279,ZH,2,Affoltern am Albis,CH367728890708,0,6514,,,n.n,,2676577.906,1236878.005,901,1004,1060,1274,,,,,15,,,,,,,0,,,,,,,,,,,,,,,,,,2025-10-18
210262280,ZH,2,Affoltern am Albis,CH448928779551,0,6720,,,n.n,,2676090.577,1235868.724,901,1004,1060,1274,,,,,15,,,,,,,0,,,,,,,,,,,,,,,,,,2025-10-18
210262281,ZH,2,Affoltern am Albis,CH667728898225,0,4367,,,n.n,,2677986.605,1236230.815,901,1004,1060,1271,,,,,15,,,,,,,0,,,,,,,,,,,,,,,,,,2025-10-18
210262282,ZH,2,Affoltern am Albis,CH559428778901,0,6093,,,n.n,,2677482.783,1237047.045,901,1004,1060,1274,,,,,15,,,,,,,0,,,,,,,,,,,,,,,,,,2025-10-18
210262283,ZH,2,Affoltern am Albis,CH848928778324,0,4410,,,n.n,,2676115.64,1236213.237,901,1004,1060,1274,,,,,15,,,,,,,0,,,,,,,,,,,,,,,,,,2025-10-18
210262284,ZH,2,Affoltern am Albis,CH767777468069,0,6354,,,n.n,,2676972.876,1237622.015,901,1004,1060,1274,,,,,14,,,,,,,0,,,,,,,,,,,,,,,,,,2025-10-18
210262286,ZH,2,Affoltern am Albis,CH348928778496,0,6576,,,n.n,,2675336.124,1237778.37,901,1004,1060,1271,,,,,14,,,,,,,0,,,,,,,,,,,,,,,,,,2025-10-18
210262287,ZH,2,Affoltern am Albis,CH687928897708,0,1243,,,n.n,,2676105.74,1236620.577,901,1004,1060,1274,,,,,14,,,,,,,0,,,,,,,,,,,,,,,,,,2025-10-18
210262288,ZH,2,Affoltern am Albis,CH957528778987,0,2852,,,n.n,,2675825.906,1238062.763,901,1004,1060,1274,,,,,14,,,,,,,0,,,,,,,,,,,,,,,,,,2025-10-18
210262289,ZH,2,Affoltern am Albis,CH732877898942,0,3634,,,n.n,,2677017.823,1236009.144,901,1004,1060,1271,,,,,14,,,,,,,0,,,,,,,,,,,,,,,,,,2025-10-18
210262290,ZH,2,Affoltern am Albis,CH832877899304,0,5860,,,n.n,,2676408.331,1236129.24,901,1004,1060,1274,,,,,13,,,,,,,0,,,,,,,,,,,,,,,,,,2025-10-18
210262291,ZH,2,Affoltern am Albis,CH118975287741,0,2863,,,n.n,,2675170.873,1237959.194,901,1004,1060,1274,,,,,13,,,,,,,0,,,,,,,,,,,,,,,,,,2025-10-18
210262292,ZH,2,Affoltern am Albis,CH227792288985,0,5780,,,n.n,,2677745.819,1236725.462,901,1004,1060,1274,,,,,13,,,,,,,0,,,,,,,,,,,,,,,,,,2025-10-18
210262293,ZH,2,Affoltern am Albis,CH548928778527,0,4818,,,n.n,,2676904.164,1236332.284,901,1004,1060,1274,,,,,13,,,,,,,0,,,,,,,,,,,,,,,,,,2025-10-18
210262294,ZH,2,Affoltern am Albis,CH757328778915,0,2155,,,n.n,,2675060.428,1238094.841,901,1004,1060,1274,,,,,13,,,,,,,0,,,,,,,,,,,,,,,,,,2025-10-18
210262295,ZH,2,Affoltern am Albis,CH578977782876,0,784,,,n.n,,2676789.169,1236117.346,904,1007,1060,1274,,,,2025,12,,,,,,,0,,,,,,,,,,,,,,,,,,2025-10-18
210262296,ZH,2,Affoltern am Albis,CH878977002814,0,6734,,,n.n,,2676785.855,1237373.856,901,1004,1060,1274,,,,,12,,,,,,,0,,,,,,,,,,,,,,,,,,2025-10-18
210262297,ZH,2,Affoltern am Albis,CH667728899017,0,5606,,,n.n,,2677209.438,1237455.568,901,1004,1060,1274,,,,,12,,,,,,,0,,,,,,,,,,,,,,,,,,2025-10-18
210262298,ZH,2,Affoltern am Albis,CH892877918901,0,5622,,,n.n,,2677880.371,1236802.647,901,1004,1060,1274,,,,,12,,,,,,,0,,,,,,,,,,,,,,,,,,2025-10-18
210262299,ZH,2,Affoltern am Albis,CH907789752853,0,2825,,,n.n,,2675088.955,1237966.03,901,1004,1060,1274,,,,,12,,,,,,,0,,,,,,,,,,,,,,,,,,2025-10-18
210262300,ZH,2,Affoltern am Albis,CH178977782818,0,571,,,n.n,,2676162.597,1236702.976,901,1004,1060,1274,,,,,12,,,,,,,0,,,,,,,,,,,,,,,,,,2025-10-18
210262301,ZH,2,Affoltern am Albis,CH648928779481,0,6237,,,n.n,,2675565.976,1238120.088,901,1004,1060,1274,,,,,11,,,,,,,0,,,,,,,,,,,,,,,,,,2025-10-18
210262302,ZH,2,Affoltern am Albis,CH818909287709,0,6174,,,n.n,,2674838.556,1238477.475,901,1004,1060,1274,,,,,11,,,,,,,0,,,,,,,,,,,,,,,,,,2025-10-18
210262303,ZH,2,Affoltern am Albis,CH827795288948,0,6338,,,n.n,,2676848.8,1236525.439,901,1004,1060,1274,,,,,11,,,,,,,0,,,,,,,,,,,,,,,,,,2025-10-18
210262304,ZH,2,Affoltern am Albis,CH892877738955,0,2168,,,n.n,,2675109.39,1237854.56,901,1004,1060,1274,,,,,11,,,,,,,0,,,,,,,,,,,,,,,,,,2025-10-18
210262305,ZH,2,Affoltern am Albis,CH280828897724,0,6485,,,n.n,,2677466.322,1236172.601,901,1004,1060,1274,,,,,11,,,,,,,0,,,,,,,,,,,,,,,,,,2025-10-18
210262306,ZH,2,Affoltern am Albis,CH167728890875,0,6482,,,n.n,,2677296.705,1235972.392,901,1004,1060,1274,,,,,11,,,,,,,0,,,,,,,,,,,,,,,,,,2025-10-18
210262307,ZH,2,Affoltern am Albis,CH489328897786,0,5941,,,n.n,,2677453.359,1236945.938,901,1004,1060,1274,,,,,11,,,,,,,0,,,,,,,,,,,,,,,,,,2025-10-18
210262308,ZH,2,Affoltern am Albis,CH967728897824,0,570,,,n.n,,2676148.746,1236686.268,901,1004,1060,1274,,,,,11,,,,,,,0,,,,,,,,,,,,,,,,,,2025-10-18
210262309,ZH,2,Affoltern am Albis,CH407789742832,0,2689,,,n.n,,2675143.647,1237926.409,901,1004,1060,1274,,,,,11,,,,,,,0,,,,,,,,,,,,,,,,,,2025-10-18
210262310,ZH,2,Affoltern am Albis,CH288628897752,0,6582,,,n.n,,2677123.375,1237121.544,901,1004,1060,1274,,,,,10,,,,,,,0,,,,,,,,,,,,,,,,,,2025-10-18
210262311,ZH,2,Affoltern am Albis,CH189928897726,0,5395,,,n.n,,2676845.18,1236755.81,901,1004,1060,1274,,,,,10,,,,,,,0,,,,,,,,,,,,,,,,,,2025-10-18
210262312,ZH,2,Affoltern am Albis,CH967728898913,0,3693,,,n.n,,2676471.048,1237466.58,901,1004,1060,1274,,,,,10,,,,,,,0,,,,,,,,,,,,,,,,,,2025-10-18
210262313,ZH,2,Affoltern am Albis,CH232877897730,0,286,,,n.n,,2676951.122,1236937.774,901,1004,1060,1274,,,,,10,,,,,,,0,,,,,,,,,,,,,,,,,,2025-10-18
210262314,ZH,2,Affoltern am Albis,CH892877768946,0,3016,,,n.n,,2677000.837,1236317.285,901,1004,1060,1274,,,,,10,,,,,,,0,,,,,,,,,,,,,,,,,,2025-10-18
210262315,ZH,2,Affoltern am Albis,CH178977882885,0,3470,,,n.n,,2677475.074,1236240.013,901,1004,1060,1274,,,,,10,,,,,,,0,,,,,,,,,,,,,,,,,,2025-10-18
210262316,ZH,2,Affoltern am Albis,CH392877778919,0,292,,,n.n,,2676915.384,1236962.238,901,1004,1060,1274,,,,,10,,,,,,,0,,,,,,,,,,,,,,,,,,2025-10-18
210262317,ZH,2,Affoltern am Albis,CH488528897711,0,4797,,,n.n,,2676505.954,1236535.06,901,1004,1060,1274,,,,,9,,,,,,,0,,,,,,,,,,,,,,,,,,2025-10-18
210262318,ZH,2,Affoltern am Albis,CH278977932836,0,5889,,,n.n,,2677160.293,1237354.839,901,1004,1060,1274,,,,,9,,,,,,,0,,,,,,,,,,,,,,,,,,2025-10-18
210262319,ZH,2,Affoltern am Albis,CH178977832803,0,7070,,,n.n,,2676353.216,1236512.531,901,1004,1060,1274,,,,,9,,,,,,,0,,,,,,,,,,,,,,,,,,2025-10-18
210262320,ZH,2,Affoltern am Albis,CH818983287722,0,4401,,,n.n,,2676462.788,1237090.995,901,1007,1060,1274,,,,2024,9,,,,,,,0,,,,,,,,,,,,,,,,,,2025-10-18
210262321,ZH,2,Affoltern am Albis,CH478977972853,0,5114,,,n.n,,2677089.875,1236634.976,901,1004,1060,1274,,,,,9,,,,,,,0,,,,,,,,,,,,,,,,,,2025-10-18
210262322,ZH,2,Affoltern am Albis,CH889128897704,0,5620,,,n.n,,2676022.395,1236625.572,901,1004,1060,1274,,,,,8,,,,,,,0,,,,,,,,,,,,,,,,,,2025-10-18
210262323,ZH,2,Affoltern am Albis,CH659128778948,0,5717,,,n.n,,2675051.088,1238046.051,901,1004,1060,1274,,,,,8,,,,,,,0,,,,,,,,,,,,,,,,,,2025-10-18
210262324,ZH,2,Affoltern am Albis,CH618977287747,0,392,,,n.n,,2676712.167,1236945.743,901,1004,1060,1274,,,,,8,,,,,,,0,,,,,,,,,,,,,,,,,,2025-10-18
210262325,ZH,2,Affoltern am Albis,CH207789922846,0,5774,,,n.n,,2676861.27,1237147.83,901,1004,1060,1274,,,,,8,,,,,,,0,,,,,,,,,,,,,,,,,,2025-10-18
210262326,ZH,2,Affoltern am Albis,CH788228897787,0,4153,,,n.n,,2676394.584,1236091.361,901,1004,1060,1274,,,,,8,,,,,,,0,,,,,,,,,,,,,,,,,,2025-10-18
210262327,ZH,2,Affoltern am Albis,CH378977812838,0,4087,,,n.n,,2676491.467,1236027.116,901,1004,1060,1274,,,,,8,,,,,,,0,,,,,,,,,,,,,,,,,,2025-10-18
210262328,ZH,2,Affoltern am Albis,CH827773288952,0,2192,,,n.n,,2675373.284,1237842.57,901,1004,1060,1274,,,,,8,,,,,,,0,,,,,,,,,,,,,,,,,,2025-10-18
210262329,ZH,2,Affoltern am Albis,CH878977702895,0,1319,,,n.n,,2676313.087,1236870.076,901,1004,1060,1274,,,,,8,,,,,,,0,,,,,,,,,,,,,,,,,,2025-10-18
210262330,ZH,2,Affoltern am Albis,CH767728890964,0,6136,,,n.n,,2674869.279,1238877.301,901,1004,1060,1241,,,,,8,,,,,,,0,,,,,,,,,,,,,,,,,,2025-10-18
210262331,ZH,2,Affoltern am Albis,CH159228778994,0,6713,,,n.n,,2676144.661,1236359.778,904,1007,1060,1274,,,,2024,8,,,,,,,0,,,,,,,,,,,,,,,,,,2025-10-18
210262332,ZH,2,Affoltern am Albis,CH527700288935,0,6821,,,n.n,,2677409.404,1236835.61,901,1004,1060,1274,,,,,7,,,,,,,0,,,,,,,,,,,,,,,,,,2025-10-18
210262333,ZH,2,Affoltern am Albis,CH967728898022,0,3866,,,n.n,,2676738.173,1236394.152,901,1004,1060,1274,,,,,7,,,,,,,0,,,,,,,,,,,,,,,,,,2025-10-18
210262334,ZH,2,Affoltern am Albis,CH267728899353,0,6702,,,n.n,,2676022.58,1238070.795,901,1007,1060,1274,,,,2022,7,,,,,,,0,,,,,,,,,,,,,,,,,,2025-10-18
210262335,ZH,2,Affoltern am Albis,CH289828897719,0,5255,,,n.n,,2675218.744,1237914.908,901,1004,1060,1274,,,,,7,,,,,,,0,,,,,,,,,,,,,,,,,,2025-10-18
210262336,ZH,2,Affoltern am Albis,CH767728899476,0,6000,,,n.n,Aufzugsanlage,2676561.249,1236671.506,901,1004,1080,1274,,,,,7,,,,,,,0,,,,,,,,,,,,,,,,,,2025-10-18
210262337,ZH,2,Affoltern am Albis,CH848928777730,0,6677,,,n.n,,2676989.544,1237221.776,901,1004,1060,1274,,,,,7,,,,,,,0,,,,,,,,,,,,,,,,,,2025-10-18
210262338,ZH,2,Affoltern am Albis,CH767728890964,0,6136,,,n.n,,2674885.773,1238878.861,901,1004,1060,1241,,,,,7,,,,,,,0,,,,,,,,,,,,,,,,,,2025-10-18
210262339,ZH,2,Affoltern am Albis,CH232877899512,0,6371,,,n.n,,2676345.648,1236476.909,901,1004,1060,1274,,,,,7,,,,,,,0,,,,,,,,,,,,,,,,,,2025-10-18
210262340,ZH,2,Affoltern am Albis,CH592877878918,0,3380,,,n.n,,2677761.655,1237303.071,901,1004,1060,1274,,,,,7,,,,,,,0,,,,,,,,,,,,,,,,,,2025-10-18
210262341,ZH,2,Affoltern am Albis,CH978977782837,0,544,,,n.n,,2676999.752,1236778.955,901,1004,1060,1274,,,,,7,,,,,,,0,,,,,,,,,,,,,,,,,,2025-10-18
210262342,ZH,2,Affoltern am Albis,CH659828778953,0,6938,,,n.n,,2675978.109,1236621.186,901,1004,1060,1274,,,,,7,,,,,,,0,,,,,,,,,,,,,,,,,,2025-10-18
210262343,ZH,2,Affoltern am Albis,CH548928778824,0,3577,,,n.n,,2676817.055,1237789.683,901,1004,1060,1274,,,,,7,,,,,,,0,,,,,,,,,,,,,,,,,,2025-10-18
210262344,ZH,2,Affoltern am Albis,CH332877897102,0,1750,,,n.n,,2676617.357,1236362.923,909,1007,1060,1274,,,,2020,,,,,,,,0,,,,,,,,,,,,,,,,,,2025-10-18
210262346,ZH,2,Affoltern am Albis,CH818977287776,0,59,,,n.n,,2676848.435,1237270.899,901,1004,1060,1274,,,,,7,,,,,,,0,,,,,,,,,,,,,,,,,,2025-10-18
210262347,ZH,2,Affoltern am Albis,CH488628897781,0,6530,,,n.n,,2675573.04,1237916.725,901,1004,1060,1274,,,,,7,,,,,,,0,,,,,,,,,,,,,,,,,,2025-10-18
210262348,ZH,2,Affoltern am Albis,CH757328778915,0,2155,,,n.n,,2675061.041,1238080.613,901,1004,1060,1274,,,,,6,,,,,,,0,,,,,,,,,,,,,,,,,,2025-10-18
210262349,ZH,2,Affoltern am Albis,CH918909287772,0,6305,,,n.n,,2676258.867,1235527.932,901,1004,1060,1271,,,,,6,,,,,,,0,,,,,,,,,,,,,,,,,,2025-10-18
210262350,ZH,2,Affoltern am Albis,CH248928777740,0,287,,,n.n,,2676940.924,1236947.562,901,1004,1060,1274,,,,,6,,,,,,,0,,,,,,,,,,,,,,,,,,2025-10-18
210262351,ZH,2,Affoltern am Albis,CH178977012855,0,6890,,,n.n,,2675923.733,1238137.414,901,1004,1060,1274,,,,,6,,,,,,,0,,,,,,,,,,,,,,,,,,2025-10-18
210262352,ZH,2,Affoltern am Albis,CH367728897537,0,6709,,,n.n,,2675926.131,1238075.263,901,1004,1060,1274,,,,,6,,,,,,,0,,,,,,,,,,,,,,,,,,2025-10-18
210262353,ZH,2,Affoltern am Albis,CH187328897749,0,6692,,,n.n,,2676054.983,1238189.091,901,1004,1060,1274,,,,,6,,,,,,,0,,,,,,,,,,,,,,,,,,2025-10-18
210262354,ZH,2,Affoltern am Albis,CH218900287703,0,6840,,,n.v.,Unterstand,2676709.966,1237356.656,901,1004,1060,1274,,,,,6,,,,,,,0,,,,,,,,,,,,,,,,,,2025-10-18
210262355,ZH,2,Affoltern am Albis,CH878977752880,0,2791,,,n.n,,2675986.021,1236944.655,901,1004,1060,1274,,,,,6,,,,,,,0,,,,,,,,,,,,,,,,,,2025-10-18
210262356,ZH,2,Affoltern am Albis,CH567728898853,0,3581,,,n.n,,2676755.278,1238025.943,901,1004,1060,1274,,,,,6,,,,,,,0,,,,,,,,,,,,,,,,,,2025-10-18
210262357,ZH,2,Affoltern am Albis,CH627707288935,0,6460,,,n.n,,2677499.602,1236944.895,901,1004,1060,1274,,,,,6,,,,,,,0,,,,,,,,,,,,,,,,,,2025-10-18
210262358,ZH,2,Affoltern am Albis,CH480028897775,0,6736,,,n.n,Unterstand,2676680.036,1237772.8,901,1004,1060,1274,,,,,6,,,,,,,0,,,,,,,,,,,,,,,,,,2025-10-18
210262359,ZH,2,Affoltern am Albis,CH788428897733,0,4547,,,n.n,,2675757.523,1238105.702,901,1004,1060,1274,,,,,6,,,,,,,0,,,,,,,,,,,,,,,,,,2025-10-18
210262360,ZH,2,Affoltern am Albis,CH132877897863,0,577,,,n.n,,2676201.433,1236648.5,901,1004,1060,1274,,,,,6,,,,,,,0,,,,,,,,,,,,,,,,,,2025-10-18
210262361,ZH,2,Affoltern am Albis,CH118981287784,0,4024,,,n.n,,2677011.222,1237330.253,901,1004,1060,1274,,,,,6,,,,,,,0,,,,,,,,,,,,,,,,,,2025-10-18
210262362,ZH,2,Affoltern am Albis,CH118972287768,0,1972,,,n.n,,2676663.161,1236259.612,901,1004,1060,1274,,,,,6,,,,,,,0,,,,,,,,,,,,,,,,,,2025-10-18
210262363,ZH,2,Affoltern am Albis,CH407789002860,0,6740,,,n.n,,2676838.268,1237141.168,901,1004,1060,1274,,,,,6,,,,,,,0,,,,,,,,,,,,,,,,,,2025-10-18
210262364,ZH,2,Affoltern am Albis,CH978977792834,0,843,,,n.n,,2676614.681,1236490.067,901,1004,1060,1274,,,,,6,,,,,,,0,,,,,,,,,,,,,,,,,,2025-10-18
210271789,ZH,2,Affoltern am Albis,CH278977002824,0,6668,,,1,Gasflaschen-Container,2675986.395,1236129.243,901,1004,1060,1252,,,,,15,,,,,,,0,,,,,,,,,,,,,,,,,,2025-10-18
210276084,ZH,2,Affoltern am Albis,CH767777468069,0,6354,,,n.v.,Gartenpavillon,2676997.487,1237711.791,901,1004,1080,1274,,,,,19,,,,,,,0,,,,,,,,,,,,,,,,,,2025-10-18
210287290,ZH,2,Affoltern am Albis,CH367728899913,0,6668,,,n.v.,Verkaufscontainer,2676010.208,1236239.064,901,1004,1060,1274,,,,,15,,,,,,,0,,,,,,,,,,,,,,,,,,2025-10-18
210296164,ZH,2,Affoltern am Albis,CH948928770766,0,6266,,,,Regenbecken Bungert,2676279.005,1237934.028,901,1004,1080,1274,,,,,108,,,,,,,0,,,,,,,,,,,,,,,,,,2025-10-18
210296181,ZH,2,Affoltern am Albis,CH848928779215,0,5743,,,n.v.,Abstellraum,2676779.669,1237444.472,901,1004,1060,1274,,,,,19,,,,,,,0,,,,,,,,,,,,,,,,,,2025-10-18
210297153,ZH,2,Affoltern am Albis,CH678977722860,0,2069,,,n.n,Autounterstand,2676413.329,1237471.119,901,1004,1080,1274,,,,,20,,,,,,,0,,,,,,,,,,,,,,,,,,2025-10-18
210297154,ZH,2,Affoltern am Albis,CH227782288978,0,4284,,,n.v.,Gartenhaus,2675824.958,1236311.425,901,1004,1060,1274,,,,,8,,,,,,,0,,,,,,,,,,,,,,,,,,2025-10-18
210298091,ZH,2,Affoltern am Albis,CH178977772821,0,126,,,n.v.,Lift,2676948.951,1237303.591,901,1004,1060,1274,,,,,5,,,,,,,0,,,,,,,,,,,,,,,,,,2025-10-18
210298266,ZH,2,Affoltern am Albis,CH618996287770,0,6221,,,3696,Remise mit Werkstatt,2675033.267,1237562.295,901,1004,1060,1271,,,,,595,,,,,,,0,,7400,7500,869,2021-01-11,7400,7500,869,2021-01-11,7600,7500,869,2021-01-11,7600,7500,869,2021-01-11,2025-10-18
2249010,ZH,2,Affoltern am Albis,,0,4441,,,3251,,2676609.727,1236610.632,909,1007,1060,,,,,1999,,,,,,,,,,,,,,,,,,,,,,,,,,2025-10-18
659,ZH,2,Affoltern am Albis,,0,99999,,,,,2676520.82,1237459.849,909,1007,1040,,,,8012,1999,,,,,2,1,,,,7430,7540,869,2001-11-29,,,,,7650,7560,869,2001-11-29,,,,,2025-10-18
718,ZH,2,Affoltern am Albis,CH792877988914,0,232,,,495,,2676765.288,1237042.73,901,1004,1020,1110,,,8011,,46,,,,3,1,,,,7460,7580,860,2001-11-29,,,,,7650,7560,860,2001-11-29,7600,7500,860,2001-11-29,2025-10-18
728,ZH,2,Affoltern am Albis,,0,99999,,,519,,2676700.814,1237069.853,909,1007,1020,1122,,,8013,1999,,,,,2,4,,,,7430,7530,869,2001-11-29,,,,,7630,7530,869,2001-11-29,,,,,2025-10-18
770,ZH,2,Affoltern am Albis,,0,4922,,,541,,2676799.944,1236884.314,909,1007,1040,,,,8011,1999,,,,,4,2,,,,7431,7530,869,2001-11-29,,,,,7630,7530,869,2001-11-29,,,,,2025-10-18
771,ZH,2,Affoltern am Albis,,0,99999,,,,,2676828.376,1236846.774,909,1007,1040,,,,8011,1999,,,,,4,3,,,,7431,7530,869,2001-11-29,,,,,7630,7530,869,2001-11-29,,,,,2025-10-18
774,ZH,2,Affoltern am Albis,,0,4927,,,531,,2676785.811,1236821.855,909,1007,1020,1110,,,8011,1999,,,,,2,1,,,,7436,7540,869,2001-11-29,,,,,7600,7500,859,2014-03-18,7600,7500,859,2014-03-18,2025-10-18
798,ZH,2,Affoltern am Albis,,0,4465,,,121,,2676680.813,1236919.854,909,1007,1020,1122,,,8011,1999,,,,,3,3,,,,7430,7530,869,2001-11-29,,,,,7650,7560,869,2001-11-29,,,,,2025-10-18
860,ZH,2,Affoltern am Albis,,0,99999,,,,,2676680.813,1236919.854,909,1007,1020,1122,,,8014,1999,,,,,3,6,,,,7430,7530,869,2001-11-29,,,,,7630,7530,869,2001-11-29,,,,,2025-10-18
861,ZH,2,Affoltern am Albis,,0,99999,,,,,2676680.813,1236919.854,909,1007,1020,1122,,,8014,1999,,,,,3,6,,,,7430,7530,869,2001-11-29,,,,,7630,7530,869,2001-11-29,,,,,2025-10-18
862,ZH,2,Affoltern am Albis,,0,99999,,,,,2676680.813,1236919.854,909,1007,1020,1122,,,8014,1999,,,,,3,6,,,,7430,7530,869,2001-11-29,,,,,7630,7530,869,2001-11-29,,,,,2025-10-18
863,ZH,2,Affoltern am Albis,,0,99999,,,,,2676680.813,1236919.854,909,1007,1020,1122,,,8014,1999,,,,,3,6,,,,7430,7530,869,2001-11-29,,,,,7630,7530,869,2001-11-29,,,,,2025-10-18
878,ZH,2,Affoltern am Albis,,0,99999,,,,,2676714.157,1237084.236,909,1007,,,,,,1999,,,,,,,,,,,,,,,,,,,,,,,,,,2025-10-18
879,ZH,2,Affoltern am Albis,,0,99999,,,,,2676714.157,1237084.236,909,1007,,,,,,1999,,,,,,,,,,,,,,,,,,,,,,,,,,2025-10-18
880,ZH,2,Affoltern am Albis,,0,99999,,,,,2676714.157,1237084.236,909,1007,,,,,,1999,,,,,,,,,,,,,,,,,,,,,,,,,,2025-10-18
881,ZH,2,Affoltern am Albis,,0,99999,,,,,2676714.157,1237084.236,909,1007,,,,,,1999,,,,,,,,,,,,,,,,,,,,,,,,,,2025-10-18
882,ZH,2,Affoltern am Albis,,0,99999,,,,,2676714.157,1237084.236,909,1007,,,,,,1999,,,,,,,,,,,,,,,,,,,,,,,,,,2025-10-18
883,ZH,2,Affoltern am Albis,,0,99999,,,,,2676714.157,1237084.236,909,1007,,,,,,1999,,,,,,,,,,,,,,,,,,,,,,,,,,2025-10-18
884,ZH,2,Affoltern am Albis,,0,99999,,,,,2676714.157,1237084.236,909,1007,,,,,,1999,,,,,,,,,,,,,,,,,,,,,,,,,,2025-10-18
885,ZH,2,Affoltern am Albis,,0,99999,,,,,2676100.815,1235899.857,909,1007,,,,,,1999,,,,,,,,,,,,,,,,,,,,,,,,,,2025-10-18
909,ZH,2,Affoltern am Albis,,0,5154,,,26,,2676266.309,1236465.099,909,1007,1020,1110,,,8012,1999,,,,,2,1,,,,7430,7530,869,2001-11-29,,,,,7630,7530,869,2001-11-29,,,,,2025-10-18
951,ZH,2,Affoltern am Albis,,0,1217,,,65,,2676490.813,1236709.856,909,1007,1030,1121,,,8011,1999,,,,,2,2,,,,7430,7530,860,2001-11-29,,,,,7650,7560,860,2001-11-29,7600,7500,860,2001-11-29,2025-10-18
981,ZH,2,Affoltern am Albis,,0,4919,,,432,,2676671.019,1236793.378,909,1007,1020,1110,,,8011,1999,,,,,2,1,,,,7436,7599,869,2001-11-29,,,,,7600,7500,859,2014-03-18,7600,7500,859,2014-03-18,2025-10-18
1600795,ZH,3,Bonstetten,,0,1153,,,226,,2677459.844,1240946.798,909,1007,1020,1110,,,8013,1999,,,,,2,1,,,,7431,7530,869,2001-11-29,,,,,7650,7560,869,2001-11-29,,,,,2025-10-18
1600893,ZH,3,Bonstetten,,0,2233,,,322,,2677707.711,1240890.372,909,1007,1020,1121,,,8012,1999,,,,,2,2,,,,7430,7540,869,2001-11-29,,,,,7650,7560,869,2001-11-29,,,,,2025-10-18
191926703,ZH,3,Bonstetten,CH727774439427,0,1397,,,,,2678116.052,1241951.811,901,1003,1060,1263,,,,,1037,400,962,869,4,,,0,300,7460,7580,869,2021-03-01,7400,7500,869,2021-03-01,7630,7540,869,2021-03-01,7600,7500,869,2021-03-01,2025-10-18
191958994,ZH,3,Bonstetten,,0,390,,,,,2678139,1240409,904,1008,1060,1271,,,,,,,,,1,,,0,,7400,7500,852,2021-08-02,7400,7500,852,2021-08-02,7600,7500,852,2021-08-02,7600,7500,852,2021-08-02,2025-10-18
191958995,ZH,3,Bonstetten,,0,390,,,,,2678122,1240443,904,1008,1060,1271,,,,,,,,,1,,,0,,7400,7500,852,2021-08-02,7400,7500,852,2021-08-02,7600,7500,852,2021-08-02,7600,7500,852,2021-08-02,2025-10-18
191965709,ZH,3,Bonstetten,CH949443778014,0,3102,,,ImWolfen17,,2678388,1241235,905,1001,1020,1110,,,,,89,,,,2,1,8,,,7410,7598,869,2021-11-03,,,,,7610,7598,869,2021-11-03,,,,,2025-10-18
191965716,ZH,3,Bonstetten,,0,3101,,,ImWolfen19,,2678387,1241246,905,1001,1020,1110,,,,,214,,,,2,1,6,,,7410,7598,869,2021-11-03,,,,,7610,7598,869,2021-11-03,,,,,2025-10-18
192012884,ZH,3,Bonstetten,CH219473437739,0,1269,,,,,2678009.102,1242007.484,901,1003,1020,1122,,,,,374,5069,962,869,3,7,,0,1037,7460,7581,869,2023-03-24,7400,7500,869,2023-03-24,7660,7581,869,2023-03-24,7600,7500,869,2023-03-24,2025-10-18
192033926,ZH,3,Bonstetten,,0,2282,,,,,2678402.526,1241243.56,904,1001,1020,1110,,,,,268,827,962,869,3,1,6,0,180,7410,7511,869,2023-10-05,7400,7500,869,2023-10-05,7610,7511,869,2023-10-05,7600,7500,869,2023-10-05,2025-10-18
192033927,ZH,3,Bonstetten,,0,2282,,,,,2678402.526,1241243.56,904,1001,1020,1110,,,,,303,941,962,869,3,1,6,0,211,7410,7511,869,2023-10-05,7400,7500,869,2023-10-05,7610,7511,869,2023-10-05,7600,7500,869,2023-10-05,2025-10-18
192033934,ZH,3,Bonstetten,CH358443779405,0,3119,,,,,2677844.471,1241877.536,901,1001,1060,1220,,,,,598,,,,1,,,0,,7411,7511,869,2023-10-05,7400,7500,869,2023-10-05,7610,7511,869,2023-10-05,7600,7500,869,2023-10-05,2025-10-18
192033935,ZH,3,Bonstetten,CH358443779405,0,3119,,,,,2677829.072,1241879.256,901,1001,1060,1220,,,,,507,,,,5,,,0,,7411,7511,869,2023-10-05,7400,7500,869,2023-10-05,7610,7511,869,2023-10-05,7600,7500,869,2023-10-05,2025-10-18
192033936,ZH,3,Bonstetten,CH358443779405,0,3119,,,,,2677835.254,1241845.16,901,1001,1060,1220,,,,,680,,,,4,,,0,,7411,7511,869,2023-10-05,7400,7500,869,2023-10-05,7610,7511,869,2023-10-05,7600,7500,869,2023-10-05,2025-10-18
192034154,ZH,3,Bonstetten,,0,2418,,,,,2677677,1240822,904,1003,1060,1278,,,,,56,48,969,869,1,,,0,,7400,7500,869,2023-10-09,7400,7500,869,2023-10-09,7600,7500,869,2023-10-09,7600,7500,869,2023-10-09,2025-10-18
192050298,ZH,3,Bonstetten,CH727774439427,0,1397,,,1516,Überdachung Wegverbindung,2678121,1241962,904,1001,1080,1274,,,,,,,,,1,,,0,,7400,7500,869,2024-03-05,7400,7500,869,2024-03-05,7600,7500,869,2024-03-05,7600,7500,869,2024-03-05,2025-10-18
192059762,ZH,3,Bonstetten,CH194377829450,0,2645,,,,,2677860.473,1241155.306,901,1002,1020,1122,,,,,256,3175,969,869,4,6,,0,700,7410,7511,869,2024-06-17,7400,7500,869,2024-06-17,7610,7511,869,2024-06-17,7600,7500,869,2024-06-17,2025-10-18
192085002,ZH,3,Bonstetten,,0,663,,,,,2677216,1241743,904,1003,1060,1278,,,,,123,504,969,869,1,,,0,,7400,7500,869,2025-03-18,7400,7500,869,2025-03-18,7600,7500,869,2025-03-18,7600,7500,869,2025-03-18,2025-10-18
192086855,ZH,3,Bonstetten,CH207794884395,0,2176,,,,,2677636,1241082,904,1002,1020,1122,,,,,,1603,969,869,4,3,,0,433,7410,7511,869,2025-03-10,7400,7500,869,2025-03-10,7610,7511,869,2025-03-10,7600,7500,869,2025-03-10,2025-10-18
192087113,ZH,3,Bonstetten,,0,3099,,,,,2677986,1240767,904,1001,1020,1121,,,,,90,623,962,869,2,2,2,0,,7410,7511,869,2025-02-06,7400,7500,869,2025-02-06,7699,7599,869,2025-02-06,7600,7500,869,2025-02-06,2025-10-18
192090708,ZH,3,Bonstetten,,0,2905,,,,WC-Häuschen,2677830,1242200,904,1001,1080,1274,,,,,7,19,969,869,1,,,0,,7400,7500,869,2025-06-11,7400,7500,869,2025-06-11,7600,7500,869,2025-06-11,7600,7500,869,2025-06-11,2025-10-18
192091243,ZH,3,Bonstetten,,0,3007,,,,,2678211,1242138,904,1001,1020,1110,,,,,60,,,,4,1,,0,,7410,7501,869,2025-06-20,7400,7500,869,2025-06-20,7610,7501,869,2025-06-20,7600,7500,869,2025-06-20,2025-10-18
192091349,ZH,3,Bonstetten,CH849443778444,0,2279,,,,Velounterstand,2677909,1240797,904,1001,1080,1242,,,,,7,,,,1,,,0,,7400,7500,869,2025-06-24,7400,7500,869,2025-06-24,7600,7500,869,2025-06-24,7600,7500,869,2025-06-24,2025-10-18
210204960,ZH,3,Bonstetten,CH594377809417,0,2392,,,n.v.,Zisterne,2677855.806,1241186.291,901,1004,1080,1252,,,,,221,,,,,,,,,,,,,,,,,,,,,,,,,2025-10-18
210204972,ZH,3,Bonstetten,CH358543779475,0,2947,,,n.v.,Zisterne,2677201.557,1241167.343,901,1004,1080,,,,,,6,,,,,,,,,,,,,,,,,,,,,,,,,2025-10-18
210204973,ZH,3,Bonstetten,CH649443777128,0,982,,,n.v.,Litfasssäule,2676979.793,1242027.525,901,1004,1060,,,,,,8,,,,,,,,,,,,,,,,,,,,,,,,,2025-10-18
210204974,ZH,3,Bonstetten,CH119473437773,0,2602,,,n.v.,Zisterne,2677971.558,1242043.121,901,1004,1080,,,,,,8,,,,,,,,,,,,,,,,,,,,,,,,,2025-10-18
210227608,ZH,3,Bonstetten,CH179477784362,0,390,,,n.n,,2677984.993,1240547.325,901,1004,1060,1271,,,,,384,,,,,,,,,,,,,,,,,,,,,,,,,2025-10-18
210227609,ZH,3,Bonstetten,CH157643779495,0,1825,,,n.n,,2678774.871,1240506.155,901,1004,1060,1271,,,,,305,,,,,,,,,,,,,,,,,,,,,,,,,2025-10-18
210227610,ZH,3,Bonstetten,CH157643779495,0,1825,,,n.n,,2678762.959,1240510.192,901,1004,1060,1271,,,,,217,,,,,,,,,,,,,,,,,,,,,,,,,2025-10-18
210227611,ZH,3,Bonstetten,CH527787439475,0,2080,,,n.n,,2678095.134,1241008.897,901,1004,1060,1274,,,,,91,,,,,,,,,,,,,,,,,,,,,,,,,2025-10-18
210227612,ZH,3,Bonstetten,CH734377947821,0,304,,,n.n,,2678579.615,1242001.54,901,1004,1060,1274,,,,,67,,,,,,,,,,,,,,,,,,,,,,,,,2025-10-18
210227613,ZH,3,Bonstetten,CH434377947628,0,1881,,,n.n,,2676497.339,1242070.826,901,1004,1060,1271,,,,,50,,,,,,,,,,,,,,,,,,,,,,,,,2025-10-18
210227614,ZH,3,Bonstetten,CH779477884322,0,2098,,,n.n,,2676713.038,1241298.314,901,1004,1060,1274,,,,,44,,,,,,,,,,,,,,,,,,,,,,,,,2025-10-18
210227615,ZH,3,Bonstetten,CH379477854370,0,3061,,,1036,,2678069.238,1241101.941,901,1004,1060,1274,,,,,43,,,,,,,,,,,,,,,,,,,,,,,,,2025-10-18
210227616,ZH,3,Bonstetten,CH867743948496,0,2750,,,n.n,,2677170.676,1242365.033,901,1007,1060,1274,,,,2024,42,,,,,,,,,,,,,,,,,,,,,,,,,2025-10-18
210227617,ZH,3,Bonstetten,CH527787439475,0,2080,,,n.v.,,2678081.876,1241072.326,901,1004,1060,1274,,,,,39,,,,,,,,,,,,,,,,,,,,,,,,,2025-10-18
210227618,ZH,3,Bonstetten,CH788643947723,0,2961,,,n.n,,2676937.16,1241607.266,901,1004,1060,1271,,,,,35,,,,,,,,,,,,,,,,,,,,,,,,,2025-10-18
210227619,ZH,3,Bonstetten,CH307794774394,0,2312,,,n.n,,2676287.4,1241234.88,901,1004,1060,1271,,,,,30,,,,,,,,,,,,,,,,,,,,,,,,,2025-10-18
210227620,ZH,3,Bonstetten,CH849443777157,0,765,,,n.n,,2678301.97,1239375.232,901,1004,1060,1274,,,,,28,,,,,,,,,,,,,,,,,,,,,,,,,2025-10-18
210227621,ZH,3,Bonstetten,CH758543779436,0,2931,,,n.n,,2677416.05,1241498.588,901,1004,1060,1274,,,,,28,,,,,,,,,,,,,,,,,,,,,,,,,2025-10-18
210227622,ZH,3,Bonstetten,CH527787439475,0,2080,,,n.v.,,2678086.396,1241040.969,901,1004,1060,1274,,,,,27,,,,,,,,,,,,,,,,,,,,,,,,,2025-10-18
210227623,ZH,3,Bonstetten,CH527787439475,0,2080,,,n.v.,,2678083.388,1241059.473,901,1004,1060,1274,,,,,27,,,,,,,,,,,,,,,,,,,,,,,,,2025-10-18
210227624,ZH,3,Bonstetten,CH527787439475,0,2080,,,n.v.,,2678088.462,1241028.189,901,1004,1060,1274,,,,,27,,,,,,,,,,,,,,,,,,,,,,,,,2025-10-18
210227625,ZH,3,Bonstetten,CH907794824369,0,2649,,,n.n,,2677794.479,1240856.261,901,1004,1060,1274,,,,,26,,,,,,,,,,,,,,,,,,,,,,,,,2025-10-18
210227626,ZH,3,Bonstetten,CH307794704318,0,682,,,n.n,,2675975.246,1241279.083,901,1004,1060,1271,,,,,23,,,,,,,,,,,,,,,,,,,,,,,,,2025-10-18
210227627,ZH,3,Bonstetten,CH734377948712,0,1938,,,n.n,,2677310.126,1241129.262,901,1004,1060,1274,,,,,22,,,,,,,,,,,,,,,,,,,,,,,,,2025-10-18
210227628,ZH,3,Bonstetten,CH388443947719,0,2900,,,n.n,,2678091.921,1241292.306,901,1004,1060,1271,,,,,19,,,,,,,,,,,,,,,,,,,,,,,,,2025-10-18
210227629,ZH,3,Bonstetten,CH307794774394,0,2312,,,n.n,,2676271.67,1241226.427,901,1004,1060,1274,,,,,17,,,,,,,,,,,,,,,,,,,,,,,,,2025-10-18
210227630,ZH,3,Bonstetten,CH519471437752,0,2904,,,n.n,,2677875.685,1242348.225,901,1004,1060,1274,,,,,17,,,,,,,,,,,,,,,,,,,,,,,,,2025-10-18
210227631,ZH,3,Bonstetten,CH557443779413,0,1575,,,n.n,,2677421.576,1240885.171,901,1004,1060,1274,,,,,16,,,,,,,,,,,,,,,,,,,,,,,,,2025-10-18
210227632,ZH,3,Bonstetten,CH388843947708,0,2190,,,n.n,,2678187.97,1242382.212,901,1004,1060,1274,,,,,16,,,,,,,,,,,,,,,,,,,,,,,,,2025-10-18
210227633,ZH,3,Bonstetten,CH388843947708,0,2190,,,n.n,,2678195.961,1242381.708,901,1004,1060,1274,,,,,16,,,,,,,,,,,,,,,,,,,,,,,,,2025-10-18
210227634,ZH,3,Bonstetten,CH419478437723,0,442,,,n.n,,2677316.15,1242620.026,901,1004,1060,1274,,,,,16,,,,,,,,,,,,,,,,,,,,,,,,,2025-10-18
210227635,ZH,3,Bonstetten,CH719478437718,0,294,,,n.n,,2677850.11,1240941.311,901,1004,1060,1274,,,,,15,,,,,,,,,,,,,,,,,,,,,,,,,2025-10-18
210227636,ZH,3,Bonstetten,CH507794714344,0,924,,,n.n,,2677936.655,1242346.216,901,1004,1060,1274,,,,,15,,,,,,,,,,,,,,,,,,,,,,,,,2025-10-18
210227637,ZH,3,Bonstetten,CH587243947781,0,1168,,,n.n,,2678343.021,1241055.295,901,1004,1060,1274,,,,,15,,,,,,,,,,,,,,,,,,,,,,,,,2025-10-18
210227638,ZH,3,Bonstetten,CH957743779487,0,87,,,n.n,,2678120.416,1242082.41,901,1004,1060,1274,,,,,14,,,,,,,,,,,,,,,,,,,,,,,,,2025-10-18
210227639,ZH,3,Bonstetten,CH349443777133,0,894,,,n.n,,2677065.873,1242668.951,901,1004,1060,1271,,,,,13,,,,,,,,,,,,,,,,,,,,,,,,,2025-10-18
210227640,ZH,3,Bonstetten,CH207794734343,0,1268,,,n.n,,2678002.044,1242036.741,901,1004,1060,1274,,,,,13,,,,,,,,,,,,,,,,,,,,,,,,,2025-10-18
210227641,ZH,3,Bonstetten,CH507794834308,0,2905,,,n.n,Wartesaal SBB,2677819.576,1242249.619,901,1004,1080,1241,,,,,12,,,,,,,,,,,,,,,,,,,,,,,,,2025-10-18
210227642,ZH,3,Bonstetten,CH507794834308,0,2905,,,n.n,Wartehalle SBB,2677836.758,1242254.518,901,1004,1080,1241,,,,,12,,,,,,,,,,,,,,,,,,,,,,,,,2025-10-18
210227643,ZH,3,Bonstetten,CH279477834313,0,2768,,,n.n,,2678335.632,1240608.362,901,1004,1060,1271,,,,,12,,,,,,,,,,,,,,,,,,,,,,,,,2025-10-18
210227644,ZH,3,Bonstetten,CH727788439495,0,2103,,,n.n,,2678536.525,1241025.975,901,1004,1060,1274,,,,,12,,,,,,,,,,,,,,,,,,,,,,,,,2025-10-18
210227645,ZH,3,Bonstetten,CH207794734343,0,1268,,,n.n,,2677992.356,1242044.822,901,1004,1060,1274,,,,,12,,,,,,,,,,,,,,,,,,,,,,,,,2025-10-18
210227646,ZH,3,Bonstetten,CH567743948008,0,2615,,,n.n,,2677477.467,1240510.968,901,1004,1060,1274,,,,,11,,,,,,,,,,,,,,,,,,,,,,,,,2025-10-18
210227647,ZH,3,Bonstetten,CH807794774321,0,64,,,n.n,,2678238.301,1242310.462,901,1004,1060,1274,,,,,11,,,,,,,,,,,,,,,,,,,,,,,,,2025-10-18
210227648,ZH,3,Bonstetten,CH367743948076,0,2374,,,n.n,,2678328.132,1240764.449,901,1004,1060,1274,,,,,11,,,,,,,,,,,,,,,,,,,,,,,,,2025-10-18
210227649,ZH,3,Bonstetten,CH507794814314,0,244,,,n.n,,2678024.641,1240958.782,901,1004,1060,1274,,,,,11,,,,,,,,,,,,,,,,,,,,,,,,,2025-10-18
210227650,ZH,3,Bonstetten,CH749443777785,0,38,,,n.n,,2678062.546,1242270.681,901,1004,1060,1274,,,,,10,,,,,,,,,,,,,,,,,,,,,,,,,2025-10-18
210227651,ZH,3,Bonstetten,CH527782439423,0,2701,,,n.n,,2678008.53,1240666.886,901,1004,1060,1274,,,,,17,,,,,,,,,,,,,,,,,,,,,,,,,2025-10-18
210227652,ZH,3,Bonstetten,CH467743947448,0,1527,,,n.n,,2678375.442,1242090.732,901,1004,1060,1274,,,,,10,,,,,,,,,,,,,,,,,,,,,,,,,2025-10-18
210227653,ZH,3,Bonstetten,CH994377779484,0,74,,,n.n,,2678262.968,1242265.674,901,1004,1060,1274,,,,,9,,,,,,,,,,,,,,,,,,,,,,,,,2025-10-18
210227654,ZH,3,Bonstetten,CH519470437761,0,719,,,n.n,,2676103.99,1241462.418,901,1004,1060,1271,,,,,9,,,,,,,,,,,,,,,,,,,,,,,,,2025-10-18
210227655,ZH,3,Bonstetten,CH594377829411,0,2698,,,n.n,,2677963.332,1240662.504,901,1004,1060,1274,,,,,8,,,,,,,,,,,,,,,,,,,,,,,,,2025-10-18
210227656,ZH,3,Bonstetten,CH219480437773,0,2364,,,n.n,,2677713.285,1240687.166,901,1004,1060,1274,,,,,15,,,,,,,,,,,,,,,,,,,,,,,,,2025-10-18
210227657,ZH,3,Bonstetten,CH994377779484,0,74,,,n.n,,2678244.169,1242266.06,901,1004,1060,1274,,,,,8,,,,,,,,,,,,,,,,,,,,,,,,,2025-10-18
210227658,ZH,3,Bonstetten,CH787243947713,0,2319,,,n.n,,2678461.676,1241363.235,901,1004,1060,1274,,,,,8,,,,,,,,,,,,,,,,,,,,,,,,,2025-10-18
210227659,ZH,3,Bonstetten,CH619480437734,0,2410,,,n.n,,2678446.519,1240923.922,901,1004,1060,1274,,,,,8,,,,,,,,,,,,,,,,,,,,,,,,,2025-10-18
210227660,ZH,3,Bonstetten,CH388843947708,0,2190,,,n.n,,2678141.199,1242317.762,901,1004,1060,1274,,,,,8,,,,,,,,,,,,,,,,,,,,,,,,,2025-10-18
210227661,ZH,3,Bonstetten,CH388843947708,0,2190,,,n.n,,2678109.836,1242283.487,901,1004,1060,1274,,,,,8,,,,,,,,,,,,,,,,,,,,,,,,,2025-10-18
210227662,ZH,3,Bonstetten,CH388843947708,0,2190,,,n.n,,2678107.365,1242286.762,901,1004,1060,1274,,,,,8,,,,,,,,,,,,,,,,,,,,,,,,,2025-10-18
210227663,ZH,3,Bonstetten,CH388843947708,0,2190,,,n.n,,2678167.185,1242312.097,901,1004,1060,1274,,,,,8,,,,,,,,,,,,,,,,,,,,,,,,,2025-10-18
210227665,ZH,3,Bonstetten,CH367743947581,0,1692,,,n.n,,2678314.245,1240827.725,901,1004,1060,1274,,,,,7,,,,,,,,,,,,,,,,,,,,,,,,,2025-10-18
210227666,ZH,3,Bonstetten,CH319487437773,0,2030,,,n.n,,2678597.021,1240584.555,901,1004,1060,1274,,,,,7,,,,,,,,,,,,,,,,,,,,,,,,,2025-10-18
210227667,ZH,3,Bonstetten,CH134377947732,0,103,,,n.n,,2678244.448,1241906.222,901,1004,1060,1274,,,,,7,,,,,,,,,,,,,,,,,,,,,,,,,2025-10-18
210227668,ZH,3,Bonstetten,CH479477894324,0,2964,,,n.n,,2678001.199,1241022.429,901,1004,1060,1274,,,,,7,,,,,,,,,,,,,,,,,,,,,,,,,2025-10-18
210227669,ZH,3,Bonstetten,CH794377769458,0,1749,,,n.n,,2677379.868,1240981.251,901,1004,1060,1271,,,,,7,,,,,,,,,,,,,,,,,,,,,,,,,2025-10-18
210227670,ZH,3,Bonstetten,CH807794724336,0,1031,,,n.n,,2677522.184,1241091.971,901,1004,1060,1274,,,,,7,,,,,,,,,,,,,,,,,,,,,,,,,2025-10-18
210227671,ZH,3,Bonstetten,CH519471437752,0,2904,,,n.n,,2677856.809,1242357.108,901,1004,1060,1274,,,,,7,,,,,,,,,,,,,,,,,,,,,,,,,2025-10-18
210227672,ZH,3,Bonstetten,CH394377799488,0,569,,,n.n,,2677005.547,1242439.195,901,1004,1060,1274,,,,,7,,,,,,,,,,,,,,,,,,,,,,,,,2025-10-18
210227673,ZH,3,Bonstetten,CH879477724336,0,1017,,,n.n,,2678625.957,1240569.227,901,1004,1060,1274,,,,,7,,,,,,,,,,,,,,,,,,,,,,,,,2025-10-18
210227674,ZH,3,Bonstetten,CH219486437719,0,2171,,,n.n,,2677442.58,1240954.851,901,1004,1060,1274,,,,,7,,,,,,,,,,,,,,,,,,,,,,,,,2025-10-18
210227675,ZH,3,Bonstetten,CH479477884327,0,2201,,,n.n,,2678088.441,1242227.465,901,1004,1060,1274,,,,,7,,,,,,,,,,,,,,,,,,,,,,,,,2025-10-18
210227676,ZH,3,Bonstetten,CH388843947708,0,2190,,,n.n,,2678113.262,1242321.878,901,1004,1060,1274,,,,,7,,,,,,,,,,,,,,,,,,,,,,,,,2025-10-18
210227677,ZH,3,Bonstetten,CH388843947708,0,2190,,,n.n,,2678194.643,1242341.752,901,1004,1060,1274,,,,,6,,,,,,,,,,,,,,,,,,,,,,,,,2025-10-18
210227678,ZH,3,Bonstetten,CH388843947708,0,2190,,,n.n,,2678191.556,1242314.517,901,1004,1060,1274,,,,,6,,,,,,,,,,,,,,,,,,,,,,,,,2025-10-18
210227679,ZH,3,Bonstetten,CH388843947708,0,2190,,,n.n,,2678112.37,1242307.754,901,1004,1060,1274,,,,,6,,,,,,,,,,,,,,,,,,,,,,,,,2025-10-18
210227680,ZH,3,Bonstetten,CH388843947708,0,2190,,,n.n,,2678115.476,1242344.928,901,1004,1060,1274,,,,,6,,,,,,,,,,,,,,,,,,,,,,,,,2025-10-18
210227681,ZH,3,Bonstetten,CH388843947708,0,2190,,,n.n,,2678131.742,1242284.988,901,1004,1060,1274,,,,,6,,,,,,,,,,,,,,,,,,,,,,,,,2025-10-18
210227682,ZH,3,Bonstetten,CH388843947708,0,2190,,,n.n,,2678145.991,1242284.075,901,1004,1060,1274,,,,,6,,,,,,,,,,,,,,,,,,,,,,,,,2025-10-18
210227683,ZH,3,Bonstetten,CH388843947708,0,2190,,,n.n,,2678143.655,1242345.466,901,1004,1060,1274,,,,,6,,,,,,,,,,,,,,,,,,,,,,,,,2025-10-18
210227684,ZH,3,Bonstetten,CH388843947708,0,2190,,,n.n,,2678116.33,1242358.39,901,1004,1060,1274,,,,,6,,,,,,,,,,,,,,,,,,,,,,,,,2025-10-18
210227685,ZH,3,Bonstetten,CH734377948712,0,1938,,,n.n,,2677290.996,1241117.129,901,1004,1060,1274,,,,,6,,,,,,,,,,,,,,,,,,,,,,,,,2025-10-18
210227686,ZH,3,Bonstetten,CH719482437779,0,2556,,,n.n,,2678321.785,1242050.079,901,1004,1060,1274,,,,,6,,,,,,,,,,,,,,,,,,,,,,,,,2025-10-18
210227687,ZH,3,Bonstetten,CH979477744393,0,1432,,,n.n,,2678412.087,1242256.258,901,1004,1060,1274,,,,,6,,,,,,,,,,,,,,,,,,,,,,,,,2025-10-18
210227688,ZH,3,Bonstetten,CH467743947646,0,1886,,,n.n,,2678180.397,1241817.644,901,1004,1060,1274,,,,,6,,,,,,,,,,,,,,,,,,,,,,,,,2025-10-18
210227689,ZH,3,Bonstetten,CH587743947743,0,213,,,n.n,,2677804.478,1241004.573,901,1004,1060,1274,,,,,6,,,,,,,,,,,,,,,,,,,,,,,,,2025-10-18
210227690,ZH,3,Bonstetten,CH707794834337,0,2728,,,n.n,,2677938.019,1240684.261,901,1004,1060,1274,,,,,6,,,,,,,,,,,,,,,,,,,,,,,,,2025-10-18
210227691,ZH,3,Bonstetten,CH349443778123,0,2514,,,n.n,,2677733.067,1240725.308,901,1004,1060,1274,,,,,6,,,,,,,,,,,,,,,,,,,,,,,,,2025-10-18
210227692,ZH,3,Bonstetten,CH527775439486,0,1713,,,n.n,,2677339.247,1241101.922,901,1004,1060,1274,,,,,6,,,,,,,,,,,,,,,,,,,,,,,,,2025-10-18
210227693,ZH,3,Bonstetten,CH979477754390,0,1631,,,n.n,,2677391.157,1241106.511,901,1004,1060,1274,,,,,6,,,,,,,,,,,,,,,,,,,,,,,,,2025-10-18
210227694,ZH,3,Bonstetten,CH319488437764,0,2193,,,n.n,,2678038.457,1242247.724,901,1004,1060,1274,,,,,6,,,,,,,,,,,,,,,,,,,,,,,,,2025-10-18
210227695,ZH,3,Bonstetten,CH627771439488,0,979,,,n.n,,2678239.97,1241263.209,901,1004,1060,1274,,,,,6,,,,,,,,,,,,,,,,,,,,,,,,,2025-10-18
210227696,ZH,3,Bonstetten,CH357943779443,0,575,,,n.n,,2676997.6,1242356.685,901,1004,1060,1274,,,,,6,,,,,,,,,,,,,,,,,,,,,,,,,2025-10-18
210227697,ZH,3,Bonstetten,CH887443947722,0,1416,,,n.n,,2678439.573,1242249.692,901,1004,1060,1274,,,,,6,,,,,,,,,,,,,,,,,,,,,,,,,2025-10-18
210227699,ZH,3,Bonstetten,CH119479437719,0,544,,,80,,2676524.97,1241051.919,901,1004,1060,1274,,,,,43,,,,,,,,,,,,,,,,,,,,,,,,,2025-10-18
210227701,ZH,3,Bonstetten,CH379477854370,0,3061,,,1037,unterirdisches Gebäude,2678064.998,1241127.681,901,1004,1080,1274,,,,,2107,,,,,,,,,,,,,,,,,,,,,,,,,2025-10-18
210227702,ZH,3,Bonstetten,CH767743947839,0,2480,,,1193,unterirdisches Gebäude,2677428.498,1241092.042,901,1004,1080,1274,,,,,425,,,,,,,,,,,,,,,,,,,,,,,,,2025-10-18
210280566,ZH,3,Bonstetten,CH367743948769,0,2061,,,1502,,2677933.217,1242114.066,901,1003,1030,1121,,,,,411,300,962,869,3,2,,0,200,7411,7511,869,2020-01-09,7400,7500,869,2020-01-09,7610,7511,869,2020-01-09,7600,7500,869,2020-01-09,2025-10-18
191953879,ZH,4,Hausen am Albis,,0,3656,,,n.v.,Carport,2682617,1233722,905,1004,1060,1242,,,,,30,,,,1,,,0,,7400,7500,869,2021-06-04,7400,7500,869,2021-06-04,7600,7500,869,2021-06-04,7600,7500,869,2021-06-04,2025-10-18
191991407,ZH,4,Hausen am Albis,CH367740339082,0,3744,,,2338,,2683983.225,1232033.162,901,1004,1060,1274,,,,,93,,,,1,,,,,7431,7540,869,2022-08-16,,,,,7630,7540,869,2022-08-16,,,,,2025-10-18
191993130,ZH,4,Hausen am Albis,,0,2846,,,,Rindviehstall,2681636,1233136,905,1001,1060,1271,,,,,,,,,1,,,,,7400,7500,869,2022-09-08,7400,7500,869,2022-09-08,7600,7500,869,2022-09-08,7600,7500,869,2022-09-08,2025-10-18
192004935,ZH,4,Hausen am Albis,CH127785403308,0,3229,,,2334,Milchviehstall,2681691.397,1234993.974,904,1001,1060,1271,,,,,1509,,,,1,,,0,,7400,7500,869,2024-06-13,7400,7500,869,2024-06-13,7600,7500,869,2024-06-13,7600,7500,869,2024-06-13,2025-10-18
192009984,ZH,4,Hausen am Albis,CH234077337273,0,1073,,,2331,,2685790.958,1230435.431,901,1001,1060,1278,,,,,145,,,,1,,,0,,7400,7500,869,2023-03-02,7400,7500,869,2023-03-02,7600,7500,869,2023-03-02,7600,7500,869,2023-03-02,2025-10-18
192009985,ZH,4,Hausen am Albis,CH234077337273,0,1073,,,2330,,2685773.732,1230433.752,901,1001,1060,1278,,,,,145,,,,1,,,0,,7400,7500,869,2023-03-02,7400,7500,869,2023-03-02,7600,7500,869,2023-03-02,7600,7500,869,2023-03-02,2025-10-18
192045454,ZH,4,Hausen am Albis,CH394077823327,0,2925,,,,,2682876.994,1233317.425,901,1002,1020,1122,,,,,166,3000,962,869,4,3,,0,411,7460,7582,869,2024-01-18,7400,7500,869,2024-01-18,7660,7582,869,2024-01-18,7600,7500,869,2024-01-18,2025-10-18
192045455,ZH,4,Hausen am Albis,CH394077823327,0,3894,,,,,2682859.222,1233338.274,901,1002,1020,1122,,,,,933,2500,961,869,3,3,,0,418,7410,7582,869,2024-01-18,7400,7500,869,2024-01-18,7660,7582,869,2024-01-18,7600,7500,869,2024-01-18,2025-10-18
192045875,ZH,4,Hausen am Albis,CH394077823327,0,3894,,,,,2682857.101,1233367.153,901,1002,1020,1122,,,,,189,3000,962,869,3,3,,0,371,7460,7582,869,2024-01-19,7400,7500,859,2024-01-19,7660,7582,869,2024-01-19,7600,7500,859,2024-01-19,2025-10-18
192045876,ZH,4,Hausen am Albis,CH394077823327,0,3894,,,,,2682846.022,1233389.326,901,1002,1020,1121,,,,,140,2500,962,869,3,2,,0,271,7460,7582,869,2024-01-19,7400,7500,859,2024-01-19,7660,7582,869,2024-01-19,7600,7500,859,2024-01-19,2025-10-18
210241570,ZH,4,Hausen am Albis,CH607733884026,0,2381,,,n.n,,2683533.848,1232272.103,901,1004,1060,1271,,,,,318,,,,,,,0,,,,,,,,,,,,,,,,,,2025-10-18
210241572,ZH,4,Hausen am Albis,,0,1610,,,n.n,,2684292.973,1230819.467,909,1007,1060,1271,,,,1999,,,,,,,,0,,,,,,,,,,,,,,,,,,2025-10-18
210241573,ZH,4,Hausen am Albis,CH607733884026,0,2381,,,n.n,,2683559.484,1232248.661,901,1004,1060,1271,,,,,121,,,,,,,0,,,,,,,,,,,,,,,,,,2025-10-18
210241575,ZH,4,Hausen am Albis,CH427772403323,0,1131,,,n.n,,2680802.946,1235048.708,901,1004,1060,1271,,,,,85,,,,,,,0,,,,,,,,,,,,,,,,,,2025-10-18
210241576,ZH,4,Hausen am Albis,CH713382407786,0,2846,,,n.n,,2681639.756,1233140.401,901,1004,1060,1271,,,,,81,,,,,,,0,,,,,,,,,,,,,,,,,,2025-10-18
210241577,ZH,4,Hausen am Albis,CH607733884026,0,2381,,,n.n,,2683554.388,1232244.574,901,1004,1060,1271,,,,,75,,,,,,,0,,,,,,,,,,,,,,,,,,2025-10-18
210241578,ZH,4,Hausen am Albis,CH234077337273,0,1073,,,n.n,,2685826.041,1230458.977,901,1004,1060,1274,,,,,70,,,,,,,0,,,,,,,,,,,,,,,,,,2025-10-18
210241579,ZH,4,Hausen am Albis,CH907733864027,0,3231,,,n.n,,2684342.616,1231036.517,901,1004,1060,1274,,,,,68,,,,,,,0,,,,,,,,,,,,,,,,,,2025-10-18
210241580,ZH,4,Hausen am Albis,CH957640773308,0,2001,,,n.n,,2682346.323,1234274.798,901,1004,1060,1274,,,,,61,,,,,,,0,,,,,,,,,,,,,,,,,,2025-10-18
210241581,ZH,4,Hausen am Albis,CH473377734073,0,1376,,,n.n,,2684232.787,1231078.063,901,1004,1060,1274,,,,,49,,,,,,,0,,,,,,,,,,,,,,,,,,2025-10-18
210241582,ZH,4,Hausen am Albis,CH267740338029,0,2616,,,n.n,,2682457.259,1233369.2,901,1004,1060,1274,,,,,49,,,,,,,0,,,,,,,,,,,,,,,,,,2025-10-18
210241583,ZH,4,Hausen am Albis,CH607733884026,0,2381,,,n.n,,2683481.673,1232227.943,901,1004,1060,1271,,,,,46,,,,,,,0,,,,,,,,,,,,,,,,,,2025-10-18
210241584,ZH,4,Hausen am Albis,CH607733884026,0,2381,,,n.n,,2683565.75,1232257.448,901,1004,1060,1271,,,,,42,,,,,,,0,,,,,,,,,,,,,,,,,,2025-10-18
210241585,ZH,4,Hausen am Albis,CH134077337210,0,1060,,,n.n,,2685635.515,1231082.965,901,1004,1060,1271,,,,,41,,,,,,,0,,,,,,,,,,,,,,,,,,2025-10-18
210241586,ZH,4,Hausen am Albis,CH127785403308,0,3229,,,n.n,,2681746.069,1235035.247,901,1004,1060,1274,,,,,41,,,,,,,0,,,,,,,,,,,,,,,,,,2025-10-18
210241587,ZH,4,Hausen am Albis,CH607733884026,0,2381,,,n.n,,2683562.404,1232254.554,901,1004,1060,1271,,,,,39,,,,,,,0,,,,,,,,,,,,,,,,,,2025-10-18
210241588,ZH,4,Hausen am Albis,CH827784403370,0,2990,,,n.n,,2684118.957,1231058.805,901,1004,1060,1274,,,,,38,,,,,,,0,,,,,,,,,,,,,,,,,,2025-10-18
210241589,ZH,4,Hausen am Albis,CH813384407734,0,2986,,,n.n,,2684109.38,1231126.652,901,1004,1060,1274,,,,,37,,,,,,,0,,,,,,,,,,,,,,,,,,2025-10-18
210241590,ZH,4,Hausen am Albis,CH257840773395,0,535,,,n.n,,2682132.677,1235481.709,901,1004,1060,1274,,,,,33,,,,,,,0,,,,,,,,,,,,,,,,,,2025-10-18
210241591,ZH,4,Hausen am Albis,CH543340777682,0,2086,,,n.n,,2683935.711,1231348.173,901,1004,1060,1274,,,,,31,,,,,,,0,,,,,,,,,,,,,,,,,,2025-10-18
210241592,ZH,4,Hausen am Albis,CH643340777252,0,1167,,,n.n,,2682881.981,1233867.991,901,1004,1060,1274,,,,,30,,,,,,,0,,,,,,,,,,,,,,,,,,2025-10-18
210241593,ZH,4,Hausen am Albis,CH607733884026,0,2381,,,n.n,,2683493.001,1232220.817,901,1004,1060,1271,,,,,30,,,,,,,0,,,,,,,,,,,,,,,,,,2025-10-18
210241594,ZH,4,Hausen am Albis,CH913377407763,0,98,,,n.n,,2682737.494,1233640.7,901,1004,1060,1274,,,,,29,,,,,,,0,,,,,,,,,,,,,,,,,,2025-10-18
210241595,ZH,4,Hausen am Albis,CH373377974035,0,3052,,,n.n,,2684042.222,1231298.663,901,1004,1060,1274,,,,,29,,,,,,,0,,,,,,,,,,,,,,,,,,2025-10-18
210241596,ZH,4,Hausen am Albis,CH513373407741,0,1407,,,n.n,,2682876.833,1232864.593,901,1004,1060,1274,,,,,28,,,,,,,0,,,,,,,,,,,,,,,,,,2025-10-18
210241598,ZH,4,Hausen am Albis,CH187940337744,0,650,,,n.n,,2681454.36,1234260.215,901,1004,1060,1274,,,,,26,,,,,,,0,,,,,,,,,,,,,,,,,,2025-10-18
210241599,ZH,4,Hausen am Albis,CH927772403347,0,1047,,,n.n,,2685538.21,1231169.933,901,1004,1060,1274,,,,,26,,,,,,,0,,,,,,,,,,,,,,,,,,2025-10-18
210241600,ZH,4,Hausen am Albis,CH458940773321,0,2498,,,n.n,,2682628.092,1233820.143,901,1004,1060,1274,,,,,26,,,,,,,0,,,,,,,,,,,,,,,,,,2025-10-18
210241601,ZH,4,Hausen am Albis,CH113381407708,0,2742,,,n.n,,2682760.936,1233778.097,901,1004,1060,1274,,,,,25,,,,,,,0,,,,,,,,,,,,,,,,,,2025-10-18
210241602,ZH,4,Hausen am Albis,CH687440337709,0,1649,,,n.n,,2683031.612,1232592.592,901,1004,1060,1274,,,,,25,,,,,,,0,,,,,,,,,,,,,,,,,,2025-10-18
210241603,ZH,4,Hausen am Albis,CH843340779063,0,3791,,,n.n,,2683425.659,1233521.875,901,1004,1060,1274,,,,,25,,,,,,,0,,,,,,,,,,,,,,,,,,2025-10-18
210241604,ZH,4,Hausen am Albis,CH113382407796,0,2905,,,n.n,,2682546.004,1233208.435,901,1004,1060,1274,,,,,23,,,,,,,0,,,,,,,,,,,,,,,,,,2025-10-18
210241605,ZH,4,Hausen am Albis,CH543340777979,0,752,,,n.n,,2683753.402,1233736.437,901,1004,1060,1274,,,,,22,,,,,,,0,,,,,,,,,,,,,,,,,,2025-10-18
210241606,ZH,4,Hausen am Albis,CH757540773306,0,1698,,,n.n,,2681211.689,1234784.802,901,1004,1060,1274,,,,,21,,,,,,,0,,,,,,,,,,,,,,,,,,2025-10-18
210241607,ZH,4,Hausen am Albis,CH727773403309,0,1183,,,n.n,,2684118.624,1230977.866,901,1007,1060,1274,,,,2022,20,,,,,,,0,,,,,,,,,,7600,7500,859,2022-08-16,7600,7500,859,2022-08-16,2025-10-18
210241608,ZH,4,Hausen am Albis,CH127776403389,0,2016,,,n.n,,2682545.151,1233724.883,901,1004,1060,1274,,,,,20,,,,,,,0,,,,,,,,,,,,,,,,,,2025-10-18
210241610,ZH,4,Hausen am Albis,CH258840773319,0,2326,,,n.n,,2683034.198,1232988.261,901,1004,1060,1274,,,,,19,,,,,,,0,,,,,,,,,,,,,,,,,,2025-10-18
210241611,ZH,4,Hausen am Albis,CH694077793331,0,758,,,n.n,,2683723.229,1233544.027,901,1004,1060,1274,,,,,18,,,,,,,0,,,,,,,,,,,,,,,,,,2025-10-18
210241612,ZH,4,Hausen am Albis,CH313371407730,0,962,,,n.n,,2684671.506,1231526.905,901,1004,1060,1271,,,,,18,,,,,,,0,,,,,,,,,,,,,,,,,,2025-10-18
210241613,ZH,4,Hausen am Albis,CH288040337780,0,2595,,,n.n,,2681668.967,1235286.515,901,1004,1060,1271,,,,,18,,,,,,,0,,,,,,,,,,,,,,,,,,2025-10-18
210241614,ZH,4,Hausen am Albis,CH607733884026,0,2381,,,n.n,,2683596.426,1232289.283,901,1004,1060,1271,,,,,17,,,,,,,0,,,,,,,,,,,,,,,,,,2025-10-18
210241615,ZH,4,Hausen am Albis,CH994077743341,0,1516,,,n.n,,2683125.988,1232516.223,901,1004,1060,1274,,,,,17,,,,,,,0,,,,,,,,,,,,,,,,,,2025-10-18
210241616,ZH,4,Hausen am Albis,CH658240773345,0,2971,,,n.n,,2682772.638,1233426.025,901,1004,1060,1274,,,,,17,,,,,,,0,,,,,,,,,,,,,,,,,,2025-10-18
210241618,ZH,4,Hausen am Albis,CH994077753338,0,1749,,,n.n,,2682788.865,1233314.554,901,1004,1060,1274,,,,,17,,,,,,,0,,,,,,,,,,,,,,,,,,2025-10-18
210241619,ZH,4,Hausen am Albis,CH167740338360,0,1277,,,n.n,,2684831.081,1232020.609,901,1004,1060,1274,,,,,16,,,,,,,0,,,,,,,,,,,,,,,,,,2025-10-18
210241620,ZH,4,Hausen am Albis,CH143340777723,0,128,,,n.n,,2682854.949,1233327.782,901,1004,1060,1274,,,,,16,,,,,,,0,,,,,,,,,,,,,,,,,,2025-10-18
210241621,ZH,4,Hausen am Albis,CH713382407786,0,2846,,,n.n,,2681733.162,1233097.704,901,1004,1060,1274,,,,,15,,,,,,,0,,,,,,,,,,,,,,,,,,2025-10-18
210241623,ZH,4,Hausen am Albis,CH913384407797,0,3046,,,n.n,,2684920.744,1232640.107,901,1004,1060,1274,,,,,15,,,,,,,0,,,,,,,,,,,,,,,,,,2025-10-18
210241624,ZH,4,Hausen am Albis,CH667740337592,0,1926,,,n.n,,2684291.658,1231048.026,901,1004,1060,1274,,,,,15,,,,,,,0,,,,,,,,,,,,,,,,,,2025-10-18
210241625,ZH,4,Hausen am Albis,CH658940773350,0,3776,,,n.n,,2682937.764,1233191.363,901,1004,1060,1274,,,,,15,,,,,,,0,,,,,,,,,,,,,,,,,,2025-10-18
210241626,ZH,4,Hausen am Albis,CH513398407710,0,3608,,,n.n,,2684169.056,1231267.18,901,1004,1060,1274,,,,,14,,,,,,,0,,,,,,,,,,,,,,,,,,2025-10-18
210241627,ZH,4,Hausen am Albis,CH234077338461,0,3090,,,n.n,,2682692.254,1233230.557,901,1004,1060,1274,,,,,14,,,,,,,0,,,,,,,,,,,,,,,,,,2025-10-18
210241628,ZH,4,Hausen am Albis,CH467740337464,0,1634,,,n.n,,2681408.304,1235934.935,901,1004,1060,1274,,,,,14,,,,,,,0,,,,,,,,,,,,,,,,,,2025-10-18
210241629,ZH,4,Hausen am Albis,CH507733874063,0,2214,,,n.n,,2682508.634,1233749.869,901,1004,1060,1274,,,,,14,,,,,,,0,,,,,,,,,,,,,,,,,,2025-10-18
210241630,ZH,4,Hausen am Albis,CH858740773336,0,2140,,,n.n,,2683124.32,1233084.292,901,1004,1060,1274,,,,,14,,,,,,,0,,,,,,,,,,,,,,,,,,2025-10-18
210241631,ZH,4,Hausen am Albis,CH294077743385,0,1561,,,n.n,,2682370.179,1232943.011,901,1004,1060,1274,,,,,13,,,,,,,0,,,,,,,,,,,,,,,,,,2025-10-18
210241632,ZH,4,Hausen am Albis,CH443340778708,0,2205,,,n.n,,2682863.149,1233908.126,901,1004,1060,1274,,,,,13,,,,,,,0,,,,,,,,,,,,,,,,,,2025-10-18
210241633,ZH,4,Hausen am Albis,CH173377704087,0,803,,,n.n,,2683888.466,1233063.755,901,1004,1060,1274,,,,,13,,,,,,,0,,,,,,,,,,,,,,,,,,2025-10-18
210241634,ZH,4,Hausen am Albis,CH994077823317,0,2875,,,n.n,,2684669.213,1232667.126,901,1004,1060,1271,,,,,13,,,,,,,0,,,,,,,,,,,,,,,,,,2025-10-18
210241635,ZH,4,Hausen am Albis,CH607733884026,0,2381,,,n.n,,2683599.249,1232293.809,901,1004,1060,1271,,,,,12,,,,,,,0,,,,,,,,,,,,,,,,,,2025-10-18
210241636,ZH,4,Hausen am Albis,CH334077337437,0,1610,,,n.n,,2684284.049,1230851.803,901,1004,1060,1274,,,,,12,,,,,,,0,,,,,,,,,,,,,,,,,,2025-10-18
210241637,ZH,4,Hausen am Albis,CH887040337749,0,779,,,n.n,,2683634.547,1233270.924,901,1004,1060,1271,,,,,12,,,,,,,0,,,,,,,,,,,,,,,,,,2025-10-18
210241638,ZH,4,Hausen am Albis,CH867740339801,0,3494,,,n.n,,2684243.674,1231191.73,901,1004,1060,1274,,,,,12,,,,,,,0,,,,,,,,,,,,,,,,,,2025-10-18
210241639,ZH,4,Hausen am Albis,CH667740337592,0,1926,,,n.n,,2684289.265,1231052.958,901,1004,1060,1274,,,,,12,,,,,,,0,,,,,,,,,,,,,,,,,,2025-10-18
210241640,ZH,4,Hausen am Albis,CH894077743375,0,1503,,,n.n,,2683123.854,1232664.529,901,1004,1060,1274,,,,,12,,,,,,,0,,,,,,,,,,,,,,,,,,2025-10-18
210241641,ZH,4,Hausen am Albis,CH358240773350,0,2933,,,n.n,,2681193.07,1234792.254,901,1004,1060,1274,,,,,12,,,,,,,0,,,,,,,,,,,,,,,,,,2025-10-18
210241642,ZH,4,Hausen am Albis,CH273377794026,0,661,,,n.n,,2681790.953,1233764.037,901,1004,1060,1274,,,,,12,,,,,,,0,,,,,,,,,,,,,,,,,,2025-10-18
210241643,ZH,4,Hausen am Albis,CH343340777059,0,843,,,n.n,,2685154.16,1231972.079,901,1004,1060,1274,,,,,11,,,,,,,0,,,,,,,,,,,,,,,,,,2025-10-18
210241645,ZH,4,Hausen am Albis,CH687840337795,0,599,,,n.n,,2682823.988,1233704.254,901,1004,1060,1274,,,,,10,,,,,,,0,,,,,,,,,,,,,,,,,,2025-10-18
210241646,ZH,4,Hausen am Albis,CH587940337705,0,742,,,n.n,,2683716.366,1232463.254,901,1004,1060,1271,,,,,10,,,,,,,0,,,,,,,,,,,,,,,,,,2025-10-18
210241647,ZH,4,Hausen am Albis,CH134077337012,0,813,,,n.n,,2683870.052,1232985.064,901,1004,1060,1274,,,,,10,,,,,,,0,,,,,,,,,,,,,,,,,,2025-10-18
210241648,ZH,4,Hausen am Albis,CH713397407748,0,3350,,,n.n,,2681450.277,1235452.515,901,1004,1060,1274,,,,,10,,,,,,,0,,,,,,,,,,,,,,,,,,2025-10-18
210241649,ZH,4,Hausen am Albis,CH713375407752,0,1693,,,n.n,,2682845.092,1233870.798,901,1004,1060,1274,,,,,10,,,,,,,0,,,,,,,,,,,,,,,,,,2025-10-18
210241650,ZH,4,Hausen am Albis,CH288440337769,0,3073,,,n.n,,2683068.622,1232639.324,901,1004,1060,1274,,,,,10,,,,,,,0,,,,,,,,,,,,,,,,,,2025-10-18
210241651,ZH,4,Hausen am Albis,CH634077337828,0,613,,,n.n,,2682363.458,1233344.8,901,1004,1060,1274,,,,,10,,,,,,,0,,,,,,,,,,,,,,,,,,2025-10-18
210241652,ZH,4,Hausen am Albis,CH594077903332,0,3754,,,n.n,,2681260.197,1235770.484,901,1004,1060,1274,,,,,10,,,,,,,0,,,,,,,,,,,,,,,,,,2025-10-18
210241653,ZH,4,Hausen am Albis,CH707733714043,0,890,,,n.n,,2683311.858,1231466.121,901,1004,1060,1274,,,,,10,,,,,,,0,,,,,,,,,,,,,,,,,,2025-10-18
210241654,ZH,4,Hausen am Albis,CH867740337326,0,1263,,,n.n,,2682754.299,1233674.139,901,1004,1060,1274,,,,,9,,,,,,,0,,,,,,,,,,,,,,,,,,2025-10-18
210241655,ZH,4,Hausen am Albis,CH473377714079,0,970,,,n.n,,2684554.889,1231857.069,901,1004,1060,1274,,,,,9,,,,,,,0,,,,,,,,,,,,,,,,,,2025-10-18
210241656,ZH,4,Hausen am Albis,CH457440773338,0,1632,,,n.n,,2681293.337,1235843.259,901,1004,1060,1274,,,,,9,,,,,,,0,,,,,,,,,,,,,,,,,,2025-10-18
210241658,ZH,4,Hausen am Albis,CH957840773351,0,494,,,n.n,,2681117.245,1234754.393,901,1004,1060,1274,,,,,9,,,,,,,0,,,,,,,,,,,,,,,,,,2025-10-18
210241659,ZH,4,Hausen am Albis,CH127776403389,0,2016,,,n.n,,2682548.719,1233721.865,901,1004,1060,1274,,,,,9,,,,,,,0,,,,,,,,,,,,,,,,,,2025-10-18
210241660,ZH,4,Hausen am Albis,CH157740773359,0,129,,,n.n,,2682855.417,1233323.222,901,1004,1060,1274,,,,,9,,,,,,,0,,,,,,,,,,,,,,,,,,2025-10-18
210241661,ZH,4,Hausen am Albis,CH227771403303,0,953,,,n.n,,2684514.107,1231610.592,901,1004,1060,1274,,,,,9,,,,,,,0,,,,,,,,,,,,,,,,,,2025-10-18
210241662,ZH,4,Hausen am Albis,CH243340777390,0,1339,,,n.n,,2683957.389,1231158.811,901,1004,1060,1274,,,,,9,,,,,,,0,,,,,,,,,,,,,,,,,,2025-10-18
210241663,ZH,4,Hausen am Albis,CH834077339738,0,3365,,,n.n,,2683582.63,1233653,901,1004,1060,1274,,,,,9,,,,,,,0,,,,,,,,,,,,,,,,,,2025-10-18
210241664,ZH,4,Hausen am Albis,CH573377734039,0,1396,,,n.n,,2683051.194,1232688.476,901,1004,1060,1274,,,,,9,,,,,,,0,,,,,,,,,,,,,,,,,,2025-10-18
210241666,ZH,4,Hausen am Albis,CH234077337966,0,667,,,n.n,,2681805.45,1233327.448,901,1004,1060,1274,,,,,9,,,,,,,0,,,,,,,,,,,,,,,,,,2025-10-18
210241667,ZH,4,Hausen am Albis,CH113382407796,0,2905,,,n.n,,2682559.17,1233212.71,901,1004,1060,1274,,,,,8,,,,,,,0,,,,,,,,,,,,,,,,,,2025-10-18
210241668,ZH,4,Hausen am Albis,CH967740338280,0,2895,,,n.n,,2682662.202,1233145.959,901,1004,1060,1274,,,,,8,,,,,,,0,,,,,,,,,,,,,,,,,,2025-10-18
210241669,ZH,4,Hausen am Albis,CH634077337828,0,613,,,n.n,,2682364.099,1233357.846,901,1004,1060,1274,,,,,8,,,,,,,0,,,,,,,,,,,,,,,,,,2025-10-18
210241670,ZH,4,Hausen am Albis,CH607733884026,0,2381,,,n.n,,2683587.684,1232290.243,901,1004,1060,1271,,,,,8,,,,,,,0,,,,,,,,,,,,,,,,,,2025-10-18
210241671,ZH,4,Hausen am Albis,CH587040337754,0,860,,,n.n,,2684590.52,1231928.01,901,1004,1060,1274,,,,,8,,,,,,,0,,,,,,,,,,,,,,,,,,2025-10-18
210241672,ZH,4,Hausen am Albis,CH434077337007,0,855,,,n.n,,2684312.44,1232449.928,901,1004,1060,1274,,,,,8,,,,,,,0,,,,,,,,,,,,,,,,,,2025-10-18
210241675,ZH,4,Hausen am Albis,CH607733884026,0,2381,,,n.n,,2683590.564,1232292.835,901,1004,1060,1271,,,,,8,,,,,,,0,,,,,,,,,,,,,,,,,,2025-10-18
210241676,ZH,4,Hausen am Albis,CH367740339775,0,1557,,,n.n,,2682411.799,1232879.764,901,1004,1060,1274,,,,,8,,,,,,,0,,,,,,,,,,,,,,,,,,2025-10-18
210241677,ZH,4,Hausen am Albis,CH288040337780,0,2595,,,n.n,,2681647.508,1235310.133,901,1004,1060,1274,,,,,8,,,,,,,0,,,,,,,,,,,,,,,,,,2025-10-18
210241678,ZH,4,Hausen am Albis,CH743340777317,0,3646,,,n.n,,2682625.871,1233225.787,901,1004,1060,1274,,,,,7,,,,,,,0,,,,,,,,,,,,,,,,,,2025-10-18
210241679,ZH,4,Hausen am Albis,CH557240773358,0,1156,,,n.n,,2685411.095,1231510.218,901,1004,1060,1274,,,,,7,,,,,,,0,,,,,,,,,,,,,,,,,,2025-10-18
210241680,ZH,4,Hausen am Albis,CH507733734008,0,1400,,,n.n,,2683023.691,1232672.009,901,1004,1060,1274,,,,,7,,,,,,,0,,,,,,,,,,,,,,,,,,2025-10-18
210241681,ZH,4,Hausen am Albis,CH367740337597,0,1830,,,n.n,,2683985.23,1230985.994,901,1004,1060,1274,,,,,7,,,,,,,0,,,,,,,,,,,,,,,,,,2025-10-18
210241682,ZH,4,Hausen am Albis,CH387640337757,0,2050,,,n.n,,2682649.864,1234062.64,901,1004,1060,1274,,,,,7,,,,,,,0,,,,,,,,,,,,,,,,,,2025-10-18
210241683,ZH,4,Hausen am Albis,CH113377407744,0,125,,,n.n,,2682833.047,1233414.742,901,1004,1060,1274,,,,,7,,,,,,,0,,,,,,,,,,,,,,,,,,2025-10-18
210241684,ZH,4,Hausen am Albis,CH873377734034,0,1196,,,n.n,,2684354.951,1232672.196,901,1004,1060,1274,,,,,7,,,,,,,0,,,,,,,,,,,,,,,,,,2025-10-18
210241685,ZH,4,Hausen am Albis,CH457340773365,0,1392,,,n.n,,2681974.531,1233824.551,901,1004,1060,1274,,,,,7,,,,,,,0,,,,,,,,,,,,,,,,,,2025-10-18
210241686,ZH,4,Hausen am Albis,CH288740337785,0,2173,,,n.n,,2682683.432,1234144.416,901,1004,1060,1274,,,,,7,,,,,,,0,,,,,,,,,,,,,,,,,,2025-10-18
210241687,ZH,4,Hausen am Albis,CH307733864037,0,3303,,,100118,,2681175.751,1235610.376,901,1004,1060,1274,,,,,7,,,,,,,0,,7400,7500,859,2021-11-03,7400,7500,859,2021-11-03,7600,7500,859,2021-11-03,7600,7500,859,2021-11-03,2025-10-18
210241688,ZH,4,Hausen am Albis,CH107733774035,0,124,,,n.n,,2682813.64,1233453.588,905,1007,1060,1274,,,,2023,7,,,,,,,0,,,,,,,,,,,,,,,,,,2025-10-18
210241689,ZH,4,Hausen am Albis,CH127786403396,0,3282,,,n.n,,2683873.127,1231389.85,901,1004,1060,1274,,,,,7,,,,,,,0,,,,,,,,,,,,,,,,,,2025-10-18
210241690,ZH,4,Hausen am Albis,CH127773403319,0,1304,,,n.n,,2686293.239,1230484.196,901,1004,1060,1274,,,,,7,,,,,,,0,,,,,,,,,,,,,,,,,,2025-10-18
210241691,ZH,4,Hausen am Albis,CH707733714043,0,890,,,n.n,,2683276.866,1231465.471,901,1004,1060,1274,,,,,7,,,,,,,0,,,,,,,,,,,,,,,,,,2025-10-18
210241692,ZH,4,Hausen am Albis,CH813375407718,0,1716,,,n.n,,2683007.393,1232569.562,901,1004,1060,1274,,,,,7,,,,,,,0,,,,,,,,,,,,,,,,,,2025-10-18
210241694,ZH,4,Hausen am Albis,CH688540337703,0,3258,,,n.n,,2684276.43,1230981.613,901,1004,1060,1274,,,,,6,,,,,,,0,,,,,,,,,,,,,,,,,,2025-10-18
210241695,ZH,4,Hausen am Albis,CH827774403363,0,1507,,,n.n,,2683117.363,1232587.223,901,1007,1060,1274,,,,2022,6,,,,,,,0,,,,,,,,,,7600,7500,859,2022-08-16,7600,7500,859,2022-08-16,2025-10-18
210241696,ZH,4,Hausen am Albis,CH807733974028,0,3363,,,n.n,,2683381.533,1233469.138,901,1004,1060,1274,,,,,6,,,,,,,0,,,,,,,,,,,,,,,,,,2025-10-18
210241697,ZH,4,Hausen am Albis,CH643340777846,0,614,,,n.n,,2682355.027,1233364.78,901,1004,1060,1274,,,,,6,,,,,,,0,,,,,,,,,,,,,,,,,,2025-10-18
210241698,ZH,4,Hausen am Albis,CH888140337743,0,2706,,,n.n,,2683047.689,1232502.619,901,1004,1060,1274,,,,,6,,,,,,,0,,,,,,,,,,,,,,,,,,2025-10-18
210241699,ZH,4,Hausen am Albis,CH267740338128,0,2761,,,n.n,,2682563.124,1233245.713,901,1004,1060,1274,,,,,6,,,,,,,0,,,,,,,,,,,,,,,,,,2025-10-18
210241700,ZH,4,Hausen am Albis,CH413386407755,0,3348,,,n.n,,2682711.645,1233845.589,901,1004,1060,1274,,,,,6,,,,,,,0,,,,,,,,,,,,,,,,,,2025-10-18
210241701,ZH,4,Hausen am Albis,CH227789403335,0,2467,,,n.n,,2684420.496,1231333.465,901,1004,1060,1274,,,,,6,,,,,,,0,,,,,,,,,,,,,,,,,,2025-10-18
210241702,ZH,4,Hausen am Albis,CH194077993344,0,3653,,,n.n,,2685570.239,1231195.756,901,1004,1060,1274,,,,,6,,,,,,,0,,,,,,,,,,,,,,,,,,2025-10-18
210241703,ZH,4,Hausen am Albis,CH858040773331,0,2558,,,n.n,,2684637.826,1232704.858,901,1004,1060,1274,,,,,6,,,,,,,0,,,,,,,,,,,,,,,,,,2025-10-18
210241704,ZH,4,Hausen am Albis,CH873377734034,0,1196,,,n.n,,2684336.223,1232661.14,901,1004,1060,1274,,,,,6,,,,,,,0,,,,,,,,,,,,,,,,,,2025-10-18
210241705,ZH,4,Hausen am Albis,CH194077813301,0,2740,,,n.n,,2682723.612,1233778.414,901,1004,1060,1274,,,,,6,,,,,,,0,,,,,,,,,,,,,,,,,,2025-10-18
210241706,ZH,4,Hausen am Albis,CH607733884026,0,2381,,,n.n,,2683497.998,1232214.742,901,1004,1060,1271,,,,,6,,,,,,,0,,,,,,,,,,,,,,,,,,2025-10-18
210241707,ZH,4,Hausen am Albis,CH794077733315,0,1177,,,n.n,,2685539.95,1230533.771,901,1004,1060,1274,,,,,6,,,,,,,0,,,,,,,,,,,,,,,,,,2025-10-18
210241708,ZH,4,Hausen am Albis,CH513376407714,0,2077,,,n.n,,2683082.5,1233124.538,901,1004,1060,1274,,,,,6,,,,,,,0,,,,,,,,,,,,,,,,,,2025-10-18
210241709,ZH,4,Hausen am Albis,CH734077338584,0,3149,,,n.n,,2684095.778,1231145.842,901,1004,1060,1274,,,,,6,,,,,,,0,,,,,,,,,,,,,,,,,,2025-10-18
210241710,ZH,4,Hausen am Albis,CH543340779860,0,3620,,,n.n,,2681926.023,1233874.381,901,1004,1060,1274,,,,,6,,,,,,,0,,,,,,,,,,,,,,,,,,2025-10-18
210241711,ZH,4,Hausen am Albis,CH634077339808,0,3634,,,n.n,,2681244.351,1234758.422,901,1004,1060,1274,,,,,6,,,,,,,0,,,,,,,,,,,,,,,,,,2025-10-18
210241712,ZH,4,Hausen am Albis,CH888740337775,0,2125,,,n.n,,2683138.33,1233064.53,901,1004,1060,1274,,,,,6,,,,,,,0,,,,,,,,,,,,,,,,,,2025-10-18
210294952,ZH,4,Hausen am Albis,CH467777468965,0,3821,,,2305,Tiefgarage,2682502.864,1233610.925,901,1004,1060,1242,,,,,1888,,,,,,,0,,7400,7500,859,2024-01-03,7400,7500,859,2024-01-03,7600,7500,859,2024-01-03,7600,7500,859,2024-01-03,2025-10-18
2229,ZH,4,Hausen am Albis,,0,1546,,,,,2686047.868,1230267.591,909,1007,1020,1110,,,8011,1999,,,,,2,1,,,,7430,7530,869,2001-11-29,,,,,7650,7560,869,2001-11-29,,,,,2025-10-18
191976453,ZH,5,Hedingen,CH227787625661,0,2651,,,,Haus A,2676397,1239301,904,1003,1020,1122,,,,,418,4641,961,869,3,14,14,1,1202,7410,7511,869,2023-06-13,7400,7500,869,2023-06-13,7610,7511,869,2023-06-13,7600,7500,869,2023-06-13,2025-10-18
191976454,ZH,5,Hedingen,CH227787625661,0,2651,,,,Haus B,2676397,1239307,904,1003,1020,1122,,,,,418,4930,962,869,3,14,,1,1202,7410,7511,869,2023-06-13,7400,7500,869,2023-06-13,7610,7511,869,2023-06-13,7600,7500,869,2023-06-13,2025-10-18
191997158,ZH,5,Hedingen,CH107756816285,0,2221,,,1332,,2675915.779,1239155.148,901,1003,1060,1251,,,,,360,3726,969,869,1,,,0,,7400,7500,869,2021-03-30,7400,7500,860,2021-03-30,7600,7500,869,2021-03-30,7600,7500,860,2021-03-30,2025-10-18
191999888,ZH,5,Hedingen,CH827784625678,0,2640,,,370,Frohmoos,2677298.16,1239450.589,901,1003,1060,1271,,,,,288,1090,962,859,2,,,0,,7400,7500,860,2022-11-09,7400,7500,860,2022-11-09,7600,7500,860,2022-11-09,7600,7500,860,2022-11-09,2025-10-18
192000408,ZH,5,Hedingen,CH867762567845,0,144,,,,,2676760,1239225,904,1008,1020,1110,,,,,118,900,961,857,3,1,,0,118,7411,7511,869,2022-11-16,7400,7500,860,2022-11-16,7610,7511,869,2022-11-16,7600,7500,860,2022-11-16,2025-10-18
192000412,ZH,5,Hedingen,CH867762567845,0,144,,,,,2676760,1239225,904,1008,1020,1110,,,,,108,900,961,857,2,1,,0,108,7411,7511,869,2022-11-16,7400,7500,860,2022-11-16,7610,7511,869,2022-11-16,7600,7500,860,2022-11-16,2025-10-18
192026284,ZH,5,Hedingen,CH927787625617,0,1351,,,1354,,2676165.465,1239074.56,901,1003,1020,1122,,,,,248,1709,969,869,4,7,,0,200,7460,7581,857,2023-08-17,7400,7500,857,2023-08-17,7660,7581,857,2023-08-17,7600,7500,857,2023-08-17,2025-10-18
192026285,ZH,5,Hedingen,CH927787625617,0,1351,,,1353,,2676174.354,1239051.867,901,1003,1020,1122,,,,,195,1709,969,869,3,3,,0,200,7460,7581,857,2023-08-17,7400,7500,857,2023-08-17,7660,7581,857,2023-08-17,7600,7500,857,2023-08-17,2025-10-18
192026780,ZH,5,Hedingen,CH607756876291,0,1875,,,,Haus Links,2676618,1238613,904,1002,1020,1122,,,,,187,1620,961,857,3,4,,0,187,7410,7501,869,2023-08-07,7400,7500,860,2023-08-07,7610,7501,869,2023-08-07,7600,7500,860,2023-08-07,2025-10-18
192026781,ZH,5,Hedingen,CH607756876291,0,1875,,,,Haus rechts,2676618,1238613,904,1002,1020,1122,,,,,158,1410,961,857,3,4,,0,158,7410,7501,869,2023-08-07,7400,7500,860,2023-08-07,7610,7501,869,2023-08-07,7600,7500,860,2023-08-07,2025-10-18
192026926,ZH,5,Hedingen,CH267762567954,0,390,,,,,2676122,1238524,904,1008,1020,1110,,,,,108,420,961,869,3,1,,0,200,7410,7501,857,2023-08-17,7400,7500,857,2023-08-17,7610,7501,857,2023-08-17,7600,7500,857,2023-08-17,2025-10-18
192026927,ZH,5,Hedingen,CH267762567954,0,390,,,,,2676122,1238524,904,1008,1020,1110,,,,,113,450,961,869,3,1,,0,,7400,7500,869,2023-08-17,7400,7500,869,2023-08-17,7600,7500,869,2023-08-17,7600,7500,869,2023-08-17,2025-10-18
192026928,ZH,5,Hedingen,CH267762567954,0,390,,,,,2676122,1238524,904,1008,1020,1110,,,,,108,420,961,869,3,1,,0,200,7410,7501,857,2023-08-17,7400,7500,857,2023-08-17,7610,7501,857,2023-08-17,7600,7500,857,2023-08-17,2025-10-18
192051975,ZH,5,Hedingen,CH375677796228,0,391,,,,,2676110.19,1238523.497,901,1003,1020,1110,,,,,228,1240,961,869,2,1,,0,228,7411,7511,869,2024-03-18,7400,7500,860,2024-03-18,7610,7511,869,2024-03-18,7600,7500,860,2024-03-18,2025-10-18
192051977,ZH,5,Hedingen,CH267762567954,0,390,,,,,2676118.891,1238524.254,901,1003,1020,1110,,,,,231,1240,961,869,2,1,,0,231,7411,7511,869,2024-03-18,7400,7500,860,2024-03-18,7699,7511,869,2024-03-18,7600,7500,860,2024-03-18,2025-10-18
192060888,ZH,5,Hedingen,CH175677776205,0,39,,,,,2676357.72,1239181.9,904,1003,1060,1242,,,,,68,113,969,869,1,,,0,,7400,7500,869,2024-07-02,7400,7500,869,2024-07-02,7600,7500,869,2024-07-02,7600,7500,869,2024-07-02,2025-10-18
192067397,ZH,5,Hedingen,CH387062567749,0,637,,,,,2676310.084,1239400.332,904,1003,1020,1122,,,,,156,2660,961,859,3,3,,0,156,7410,7501,869,2024-09-16,7400,7500,860,2024-09-16,7610,7501,869,2024-09-16,7600,7500,860,2024-09-16,2025-10-18
192073740,ZH,5,Hedingen,CH796277765668,0,1657,,,,Carport,2675864,1239321,904,1003,1060,1275,,,,,450,2200,969,878,1,,,0,5,7400,7500,869,2024-11-07,7400,7500,860,2024-11-07,7600,7500,869,2024-11-07,7600,7500,860,2024-11-07,2025-10-18
192077408,ZH,5,Hedingen,,0,2405,,,,Raucherbox,2676025,1239169,904,1001,1060,1274,,,,,8,20,969,869,1,,,0,5,7400,7500,869,2024-12-06,7400,7500,869,2024-12-06,7600,7500,869,2024-12-06,7600,7500,869,2024-12-06,2025-10-18
192083539,ZH,5,Hedingen,,0,1292,,,Al,,2676459,1238590,904,1002,1020,1122,,,,,351,2718,961,857,3,13,,0,351,7410,7501,869,2025-02-26,7400,7500,869,2025-02-26,7610,7501,869,2025-02-26,7600,7500,869,2025-02-26,2025-10-18
192092437,ZH,5,Hedingen,CH227779625636,0,372,,,,,2676651.161,1238246.22,904,1001,1020,1122,,,,,407,2020,969,859,3,7,,0,407,7410,7501,869,2025-07-07,7400,7500,869,2025-07-07,7610,7501,869,2025-07-07,7600,7500,869,2025-07-07,2025-10-18
192092479,ZH,5,Hedingen,CH967762567415,0,1265,,,1265,,2676418.966,1238511.025,904,1001,1020,1122,,,,,373,4394,969,859,4,10,,0,373,7410,7501,869,2025-07-07,7400,7500,859,2025-07-07,7610,7501,869,2025-07-07,7600,7500,859,2025-07-07,2025-10-18
192094877,ZH,5,Hedingen,CH107756816285,0,2221,,,,,2675967,1239154,904,1001,1060,1274,,,,,7,17,961,869,1,,,0,7,7400,7500,869,2025-08-06,7400,7500,869,2025-08-06,7600,7500,869,2025-08-06,7600,7500,869,2025-08-06,2025-10-18
192098318,ZH,5,Hedingen,CH475677796291,0,n.v.,,,54.1,Geräteraum,2676168.25,1238580.75,904,1004,1060,1274,,,,,15,,,,,,,0,,,,,,,,,,,,,,,,,,2025-10-18
210232060,ZH,5,Hedingen,CH467762567389,0,1197,,,n.n,,2676525.822,1239351.689,901,1004,1060,1274,,,,,37,,,,,,,,,,,,,,,,,,,,,,,,,2025-10-18
210232061,ZH,5,Hedingen,CH657862775629,0,251,,,n.n,,2676711.428,1238622.425,901,1004,1060,1274,,,,,37,,,,,,,,,,,,,,,,,,,,,,,,,2025-10-18
210232062,ZH,5,Hedingen,CH307756776229,0,77,,,n.n,,2676437.588,1239562.726,901,1004,1060,1274,,,,,36,,,,,,,,,,,,,,,,,,,,,,,,,2025-10-18
210232063,ZH,5,Hedingen,CH127789625677,0,2032,,,n.n,,2676069.665,1239238.171,901,1007,1060,1274,,,,2023,34,,,,,,,,,,,,,,,,,,,,,,,,,2025-10-18
210232064,ZH,5,Hedingen,CH596277705657,0,676,,,n.n,,2676220.695,1239282.138,901,1004,1060,1274,,,,,33,,,,,,,,,,,,,,,,,,,,,,,,,2025-10-18
210232065,ZH,5,Hedingen,CH307756896290,0,2051,,,n.n,,2675982.877,1239048.175,901,1004,1060,1274,,,,,32,,,,,,,,,,,,,,,,,,,,,,,,,2025-10-18
210232066,ZH,5,Hedingen,CH927787625617,0,1765,,,n.n,,2676181.875,1239095.5,901,1004,1060,1274,,,,,32,,,,,,,,,,,,,,,,,,,,,,,,,2025-10-18
210232067,ZH,5,Hedingen,CH257562775652,0,1498,,,n.n,,2676671.713,1239358.445,901,1004,1060,1274,,,,,30,,,,,,,,,,,,,,,,,,,,,,,,,2025-10-18
210232068,ZH,5,Hedingen,CH567762568840,0,1497,,,n.n,,2676653.845,1239383.562,901,1004,1060,1274,,,,,30,,,,,,,,,,,,,,,,,,,,,,,,,2025-10-18
210232070,ZH,5,Hedingen,CH845662777238,0,986,,,n.n,,2675701.497,1239275.873,901,1004,1060,1274,,,,,27,,,,,,,,,,,,,,,,,,,,,,,,,2025-10-18
210232071,ZH,5,Hedingen,CH227771625611,0,835,,,n.n,,2676555.042,1239888.543,901,1004,1060,1274,,,,,27,,,,,,,,,,,,,,,,,,,,,,,,,2025-10-18
210232072,ZH,5,Hedingen,CH227776625663,0,2505,,,n.n,,2676561.635,1238579.345,901,1004,1060,1274,,,,,26,,,,,,,,,,,,,,,,,,,,,,,,,2025-10-18
210232073,ZH,5,Hedingen,CH127789625677,0,2032,,,n.n,,2676093.805,1239216.391,901,1007,1060,1274,,,,2023,26,,,,,,,,,,,,,,,,,,,,,,,,,2025-10-18
210232074,ZH,5,Hedingen,CH907756766222,0,1610,,,n.n,,2676649.702,1238172.736,901,1004,1060,1274,,,,,25,,,,,,,,,,,,,,,,,,,,,,,,,2025-10-18
210232075,ZH,5,Hedingen,CH587062567778,0,675,,,n.n,,2676222.235,1239277.002,901,1004,1060,1274,,,,,25,,,,,,,,,,,,,,,,,,,,,,,,,2025-10-18
210232076,ZH,5,Hedingen,CH327789625609,0,2053,,,n.n,,2676002.721,1239044.338,901,1004,1060,1274,,,,,25,,,,,,,,,,,,,,,,,,,,,,,,,2025-10-18
210232077,ZH,5,Hedingen,CH507756836240,0,2600,,,n.n,,2676643.507,1238844.352,901,1004,1060,1274,,,,,23,,,,,,,,,,,,,,,,,,,,,,,,,2025-10-18
210232078,ZH,5,Hedingen,CH267762567063,0,635,,,n.n,,2676299.93,1239434.561,901,1004,1060,1274,,,,,22,,,,,,,,,,,,,,,,,,,,,,,,,2025-10-18
210232079,ZH,5,Hedingen,CH615678627751,0,245,,,n.n,,2676697.827,1238710.789,901,1004,1060,1274,,,,,22,,,,,,,,,,,,,,,,,,,,,,,,,2025-10-18
210232080,ZH,5,Hedingen,CH896277795625,0,273,,,n.n,,2676536.787,1238798.55,901,1004,1060,1274,,,,,21,,,,,,,,,,,,,,,,,,,,,,,,,2025-10-18
210232081,ZH,5,Hedingen,CH336277568146,0,2283,,,n.n,,2676667.337,1240272.305,901,1004,1060,1271,,,,,21,,,,,,,,,,,,,,,,,,,,,,,,,2025-10-18
210232082,ZH,5,Hedingen,CH615677627760,0,115,,,n.n,,2676616.554,1239223.141,909,1007,1060,1274,,,,2024,21,,,,,,,,,,,,,,,,,,,,,,,,,2025-10-18
210232083,ZH,5,Hedingen,CH287762567788,0,62,,,n.n,,2676496.66,1239346.468,901,1004,1060,1274,,,,,20,,,,,,,,,,,,,,,,,,,,,,,,,2025-10-18
210232084,ZH,5,Hedingen,CH896277715649,0,749,,,n.n,,2676268.467,1239464.387,901,1007,1060,1274,,,,2022,20,,,,,,,,,,,,,,,,,7600,7500,859,2022-06-30,7600,7500,859,2022-06-30,2025-10-18
210232085,ZH,5,Hedingen,CH515687627704,0,1854,,,n.n,,2676499.958,1238450.177,901,1004,1060,1274,,,,,19,,,,,,,,,,,,,,,,,,,,,,,,,2025-10-18
210232086,ZH,5,Hedingen,CH836277567972,0,278,,,n.n,,2676454.891,1238737.592,901,1004,1060,1274,,,,,19,,,,,,,,,,,,,,,,,,,,,,,,,2025-10-18
210232087,ZH,5,Hedingen,CH775677826277,0,2418,,,n.n,,2676532.664,1238878.562,901,1004,1060,1274,,,,,19,,,,,,,,,,,,,,,,,,,,,,,,,2025-10-18
210232088,ZH,5,Hedingen,CH187462567709,0,1276,,,n.n,,2676527.156,1238585.409,901,1004,1060,1274,,,,,19,,,,,,,,,,,,,,,,,,,,,,,,,2025-10-18
210232089,ZH,5,Hedingen,CH696277745611,0,1368,,,n.n,,2676180.784,1238959.998,901,1004,1060,1274,,,,,18,,,,,,,,,,,,,,,,,,,,,,,,,2025-10-18
210232090,ZH,5,Hedingen,CH515677627794,0,102,,,n.n,,2676613.153,1239306.418,901,1004,1060,1274,,,,,17,,,,,,,,,,,,,,,,,,,,,,,,,2025-10-18
210232092,ZH,5,Hedingen,CH457362775638,0,1196,,,n.n,,2676546.171,1239371.796,901,1004,1060,1274,,,,,17,,,,,,,,,,,,,,,,,,,,,,,,,2025-10-18
210232093,ZH,5,Hedingen,CH757962775665,0,269,,,n.n,,2676445.619,1238785.354,901,1004,1060,1274,,,,,17,,,,,,,,,,,,,,,,,,,,,,,,,2025-10-18
210232094,ZH,5,Hedingen,CH727771625635,0,734,,,n.n,,2676037.55,1239657.524,901,1004,1060,1274,,,,,17,,,,,,,,,,,,,,,,,,,,,,,,,2025-10-18
210232095,ZH,5,Hedingen,CH415670627794,0,665,,,n.n,,2676285.087,1239253.15,901,1004,1060,1274,,,,,16,,,,,,,,,,,,,,,,,,,,,,,,,2025-10-18
210232096,ZH,5,Hedingen,CH187662567752,0,1620,,,n.n,,2676158.227,1239655.966,901,1004,1060,1274,,,,,16,,,,,,,,,,,,,,,,,,,,,,,,,2025-10-18
210232097,ZH,5,Hedingen,CH796277765668,0,1657,,,n.n,,2675842.054,1239361.511,901,1004,1060,1274,,,,,16,,,,,,,,,,,,,,,,,,,,,,,,,2025-10-18
210232098,ZH,5,Hedingen,CH167762567691,0,1628,,,n.n,,2676186.84,1239625.409,901,1004,1060,1274,,,,,16,,,,,,,,,,,,,,,,,,,,,,,,,2025-10-18
210232099,ZH,5,Hedingen,CH757662775649,0,1590,,,n.n,,2676262.553,1239333.576,901,1004,1060,1274,,,,,15,,,,,,,,,,,,,,,,,,,,,,,,,2025-10-18
210232100,ZH,5,Hedingen,CH927771625664,0,771,,,n.n,,2676364.205,1239633.631,901,1004,1060,1274,,,,,15,,,,,,,,,,,,,,,,,,,,,,,,,2025-10-18
210232101,ZH,5,Hedingen,CH945662778786,0,1771,,,n.n,,2676039.421,1239063.13,901,1004,1060,1274,,,,,15,,,,,,,,,,,,,,,,,,,,,,,,,2025-10-18
210232102,ZH,5,Hedingen,CH836277568962,0,2271,,,n.n,,2676514.72,1238535.233,901,1004,1060,1274,,,,,15,,,,,,,,,,,,,,,,,,,,,,,,,2025-10-18
210232103,ZH,5,Hedingen,CH507756706279,0,677,,,n.n,,2676186.338,1239311.24,901,1004,1060,1274,,,,,14,,,,,,,,,,,,,,,,,,,,,,,,,2025-10-18
210232104,ZH,5,Hedingen,CH845662778921,0,2464,,,n.n,,2676159.775,1239414.427,901,1004,1060,1274,,,,,14,,,,,,,,,,,,,,,,,,,,,,,,,2025-10-18
210232105,ZH,5,Hedingen,CH837777468183,0,2665,,,n.n,,2677964.325,1239502.085,901,1004,1060,1271,,,,,14,,,,,,,,,,,,,,,,,,,,,,,,,2025-10-18
210232106,ZH,5,Hedingen,CH207756726278,0,1057,,,n.n,,2676992.993,1238732.906,901,1004,1060,1274,,,,,14,,,,,,,,,,,,,,,,,,,,,,,,,2025-10-18
210232107,ZH,5,Hedingen,CH275677766271,0,1629,,,n.n,,2676210.825,1239602.381,901,1004,1060,1274,,,,,14,,,,,,,,,,,,,,,,,,,,,,,,,2025-10-18
210232108,ZH,5,Hedingen,CH115676627745,0,1623,,,n.n,,2676177.664,1239634.249,901,1004,1060,1274,,,,,14,,,,,,,,,,,,,,,,,,,,,,,,,2025-10-18
210232109,ZH,5,Hedingen,CH236277568972,0,2045,,,n.n,,2676249.301,1238692.211,901,1004,1060,1274,,,,,14,,,,,,,,,,,,,,,,,,,,,,,,,2025-10-18
210232110,ZH,5,Hedingen,CH407756776292,0,88,,,n.n,,2676507.398,1239494.359,901,1004,1060,1274,,,,,14,,,,,,,,,,,,,,,,,,,,,,,,,2025-10-18
210232111,ZH,5,Hedingen,CH227776625663,0,2505,,,n.n,,2676560.562,1238588.551,901,1004,1060,1274,,,,,13,,,,,,,,,,,,,,,,,,,,,,,,,2025-10-18
210232112,ZH,5,Hedingen,CH827771625601,0,760,,,n.n,,2676276.813,1239689.114,901,1004,1060,1274,,,,,13,,,,,,,,,,,,,,,,,,,,,,,,,2025-10-18
210232113,ZH,5,Hedingen,CH936277568037,0,2136,,,n.n,,2675368.456,1239312.279,901,1004,1060,1274,,,,,13,,,,,,,,,,,,,,,,,,,,,,,,,2025-10-18
210232114,ZH,5,Hedingen,CH396277775607,0,76,,,n.n,,2676432.983,1239537.766,901,1004,1060,1274,,,,,13,,,,,,,,,,,,,,,,,,,,,,,,,2025-10-18
210232116,ZH,5,Hedingen,CH288462567793,0,2568,,,n.n,,2675663.73,1239284.907,901,1004,1060,1274,,,,,13,,,,,,,,,,,,,,,,,,,,,,,,,2025-10-18
210232117,ZH,5,Hedingen,CH875677766261,0,2548,,,n.n,,2676317.399,1239222.712,901,1004,1060,1274,,,,,13,,,,,,,,,,,,,,,,,,,,,,,,,2025-10-18
210232118,ZH,5,Hedingen,CH987162567712,0,766,,,n.n,,2676293.247,1239646.999,901,1004,1060,1274,,,,,12,,,,,,,,,,,,,,,,,,,,,,,,,2025-10-18
210232119,ZH,5,Hedingen,CH227775625672,0,1490,,,n.n,,2676442.457,1238377.562,901,1004,1060,1274,,,,,12,,,,,,,,,,,,,,,,,,,,,,,,,2025-10-18
210232120,ZH,5,Hedingen,CH858162775674,0,2269,,,n.n,,2676586.335,1239051.709,901,1004,1060,1271,,,,,12,,,,,,,,,,,,,,,,,,,,,,,,,2025-10-18
210232121,ZH,5,Hedingen,CH588262567745,0,2425,,,n.n,,2676026.167,1239121.245,901,1004,1060,1274,,,,,12,,,,,,,,,,,,,,,,,,,,,,,,,2025-10-18
210232122,ZH,5,Hedingen,CH387862567727,0,182,,,n.n,,2676590.044,1239059.962,901,1004,1060,1274,,,,,12,,,,,,,,,,,,,,,,,,,,,,,,,2025-10-18
210232124,ZH,5,Hedingen,CH487662567747,0,1673,,,n.n,,2676018.413,1238451.117,901,1004,1060,1274,,,,,12,,,,,,,,,,,,,,,,,,,,,,,,,2025-10-18
210232125,ZH,5,Hedingen,CH145662777876,0,164,,,n.n,,2676551.062,1239166.023,901,1004,1060,1274,,,,,12,,,,,,,,,,,,,,,,,,,,,,,,,2025-10-18
210232126,ZH,5,Hedingen,CH845662778030,0,2126,,,n.n,,2676177.381,1239450.222,901,1004,1060,1274,,,,,11,,,,,,,,,,,,,,,,,,,,,,,,,2025-10-18
210232127,ZH,5,Hedingen,CH536277567086,0,2646,,,n.n,,2676221.824,1239184.512,901,1004,1060,1274,,,,,11,,,,,,,,,,,,,,,,,,,,,,,,,2025-10-18
210232128,ZH,5,Hedingen,CH815670627755,0,552,,,n.n,,2676427.013,1239039.799,901,1004,1060,1274,,,,,11,,,,,,,,,,,,,,,,,,,,,,,,,2025-10-18
210232129,ZH,5,Hedingen,CH545662777441,0,1361,,,n.n,,2676484.612,1238609.417,901,1004,1060,1274,,,,,11,,,,,,,,,,,,,,,,,,,,,,,,,2025-10-18
210232130,ZH,5,Hedingen,CH287462567772,0,1298,,,n.n,,2676204.621,1238745.079,901,1004,1060,1274,,,,,11,,,,,,,,,,,,,,,,,,,,,,,,,2025-10-18
210232131,ZH,5,Hedingen,CH415677627731,0,89,,,n.n,,2676513.131,1239494.943,901,1004,1060,1274,,,,,14,,,,,,,,,,,,,,,,,,,,,,,,,2025-10-18
210232132,ZH,5,Hedingen,CH367762567623,0,2497,,,n.n,,2675990.844,1239087.292,901,1007,1060,1274,,,,2020,203,,,,,,,,,,,,,,,,,,,,,,,,,2025-10-18
210232133,ZH,5,Hedingen,CH327777625620,0,79,,,n.n,,2676467.348,1239536.395,901,1004,1060,1274,,,,,10,,,,,,,,,,,,,,,,,,,,,,,,,2025-10-18
210232134,ZH,5,Hedingen,CH327787625627,0,1809,,,n.n,,2675917.011,1239312.291,901,1004,1060,1274,,,,,10,,,,,,,,,,,,,,,,,,,,,,,,,2025-10-18
210232135,ZH,5,Hedingen,CH896277845610,0,2629,,,n.n,,2676848.652,1239533.828,901,1004,1060,1274,,,,,10,,,,,,,,,,,,,,,,,,,,,,,,,2025-10-18
210232136,ZH,5,Hedingen,CH396277785604,0,183,,,n.n,,2676623.527,1239066.999,901,1004,1060,1274,,,,,10,,,,,,,,,,,,,,,,,,,,,,,,,2025-10-18
210232137,ZH,5,Hedingen,CH287562567745,0,1486,,,n.n,,2676436.967,1238416.276,901,1004,1060,1274,,,,,10,,,,,,,,,,,,,,,,,,,,,,,,,2025-10-18
210232138,ZH,5,Hedingen,CH415677627731,0,89,,,n.n,,2676508.923,1239492.442,901,1004,1060,1274,,,,,10,,,,,,,,,,,,,,,,,,,,,,,,,2025-10-18
210232139,ZH,5,Hedingen,CH967762567415,0,1265,,,n.n,,2676401.152,1238514.707,901,1004,1060,1274,,,,,10,,,,,,,,,,,,,,,,,,,,,,,,,2025-10-18
210232140,ZH,5,Hedingen,CH407756766295,0,1677,,,n.n,,2676491.712,1239109.737,901,1004,1060,1274,,,,,10,,,,,,,,,,,,,,,,,,,,,,,,,2025-10-18
210232144,ZH,5,Hedingen,CH487662567747,0,1673,,,n.n,,2676004.326,1238491.274,901,1004,1060,1274,,,,,10,,,,,,,,,,,,,,,,,,,,,,,,,2025-10-18
210232145,ZH,5,Hedingen,CH436277568706,0,1837,,,n.n,,2676277.231,1238977.057,901,1004,1060,1274,,,,,9,,,,,,,,,,,,,,,,,,,,,,,,,2025-10-18
210232147,ZH,5,Hedingen,CH815683627735,0,2447,,,n.n,,2676618.159,1238664.155,901,1004,1060,1274,,,,,9,,,,,,,,,,,,,,,,,,,,,,,,,2025-10-18
210232148,ZH,5,Hedingen,CH127774625618,0,1284,,,n.n,,2676619.095,1239462.938,901,1004,1060,1274,,,,,9,,,,,,,,,,,,,,,,,,,,,,,,,2025-10-18
210232149,ZH,5,Hedingen,CH667762567420,0,1387,,,n.n,,2676480.035,1238641.187,901,1004,1060,1274,,,,,9,,,,,,,,,,,,,,,,,,,,,,,,,2025-10-18
210232156,ZH,5,Hedingen,CH945662778093,0,2137,,,n.n,,2675355.578,1239327.833,901,1004,1060,1274,,,,,8,,,,,,,,,,,,,,,,,,,,,,,,,2025-10-18
210232157,ZH,5,Hedingen,CH575677836245,0,2597,,,n.n,,2676228.834,1238611.303,901,1004,1060,1274,,,,,8,,,,,,,,,,,,,,,,,,,,,,,,,2025-10-18
210232163,ZH,5,Hedingen,CH875677766261,0,2548,,,n.n,,2676324.18,1239209.962,901,1004,1060,1274,,,,,8,,,,,,,,,,,,,,,,,,,,,,,,,2025-10-18
210232166,ZH,5,Hedingen,CH627770625678,0,703,,,n.n,,2676283.965,1239100.082,901,1004,1060,1274,,,,,8,,,,,,,,,,,,,,,,,,,,,,,,,2025-10-18
210232169,ZH,5,Hedingen,CH357962775607,0,405,,,n.n,,2676166.821,1238585.752,901,1004,1060,1274,,,,,8,,,,,,,,,,,,,,,,,,,,,,,,,2025-10-18
210232170,ZH,5,Hedingen,CH467762568775,0,688,,,n.n,,2676331.87,1239153.531,901,1004,1060,1274,,,,,8,,,,,,,,,,,,,,,,,,,,,,,,,2025-10-18
210232171,ZH,5,Hedingen,CH837777468183,0,2665,,,n.n,,2678003.234,1239510.395,901,1004,1060,1271,,,,,8,,,,,,,,,,,,,,,,,,,,,,,,,2025-10-18
210232172,ZH,5,Hedingen,CH567762567949,0,491,,,n.n,,2676300.382,1239059.586,901,1004,1060,1274,,,,,7,,,,,,,,,,,,,,,,,,,,,,,,,2025-10-18
210232173,ZH,5,Hedingen,CH275677746277,0,1297,,,n.n,,2676208.373,1238768.212,901,1004,1060,1274,,,,,7,,,,,,,,,,,,,,,,,,,,,,,,,2025-10-18
210232174,ZH,5,Hedingen,CH745662778163,0,2253,,,n.n,,2676116.736,1239544.677,901,1004,1060,1274,,,,,7,,,,,,,,,,,,,,,,,,,,,,,,,2025-10-18
210232175,ZH,5,Hedingen,CH736277568107,0,2252,,,n.n,,2676124.828,1239538.69,901,1004,1060,1274,,,,,7,,,,,,,,,,,,,,,,,,,,,,,,,2025-10-18
210232176,ZH,5,Hedingen,CH867762568043,0,2129,,,n.n,,2676202.128,1239466.151,901,1004,1060,1274,,,,,7,,,,,,,,,,,,,,,,,,,,,,,,,2025-10-18
210232177,ZH,5,Hedingen,CH236277567487,0,1303,,,n.n,,2676539.771,1239153.297,901,1004,1060,1274,,,,,7,,,,,,,,,7400,7500,859,2022-06-27,7400,7500,859,2022-06-27,7600,7500,859,2022-06-27,7600,7500,859,2022-06-27,2025-10-18
210232178,ZH,5,Hedingen,CH536277568769,0,1856,,,n.n,,2676563.969,1238439,901,1004,1060,1274,,,,,7,,,,,,,,,,,,,,,,,,,,,,,,,2025-10-18
210232179,ZH,5,Hedingen,CH758862775616,0,1891,,,n.n,,2676676.404,1239218.184,901,1004,1060,1274,,,,,7,,,,,,,,,,,,,,,,,,,,,,,,,2025-10-18
210232182,ZH,5,Hedingen,CH275677806259,0,2162,,,n.n,,2676372.886,1239112.379,901,1004,1060,1274,,,,,7,,,,,,,,,,,,,,,,,,,,,,,,,2025-10-18
210232183,ZH,5,Hedingen,CH967762568207,0,2351,,,n.n,,2675698.228,1239656.686,901,1004,1060,1271,,,,,7,,,,,,,,,,,,,,,,,,,,,,,,,2025-10-18
210232184,ZH,5,Hedingen,CH707756756293,0,2643,,,n.n,,2676485.9,1239307.961,901,1004,1060,1274,,,,,7,,,,,,,,,,,,,,,,,,,,,,,,,2025-10-18
210232185,ZH,5,Hedingen,CH167762567097,0,599,,,n.n,,2676064.937,1238996.497,901,1004,1060,1274,,,,,7,,,,,,,,,,,,,,,,,,,,,,,,,2025-10-18
210232186,ZH,5,Hedingen,CH927774625637,0,1256,,,n.n,,2676159.118,1238763.011,901,1004,1060,1274,,,,,7,,,,,,,,,,,,,,,,,,,,,,,,,2025-10-18
210232187,ZH,5,Hedingen,CH427780625656,0,2208,,,n.n,,2676069.04,1239497.252,901,1004,1060,1274,,,,,7,,,,,,,,,,,,,,,,,,,,,,,,,2025-10-18
210232188,ZH,5,Hedingen,CH896277755637,0,1420,,,n.n,,2676172.269,1238598.509,901,1004,1060,1274,,,,,7,,,,,,,,,,,,,,,,,,,,,,,,,2025-10-18
210232189,ZH,5,Hedingen,CH796277745674,0,1223,,,n.n,,2676231.877,1238593.095,901,1004,1060,1274,,,,,7,,,,,,,,,,,,,,,,,,,,,,,,,2025-10-18
210232191,ZH,5,Hedingen,CH658062775672,0,2235,,,n.n,,2676323.388,1239032.976,901,1004,1060,1274,,,,,6,,,,,,,,,,,,,,,,,,,,,,,,,2025-10-18
210232192,ZH,5,Hedingen,CH458162775616,0,2295,,,n.n,,2676146.396,1240159.569,901,1004,1060,1271,,,,,6,,,,,,,,,,,,,,,,,,,,,,,,,2025-10-18
210232193,ZH,5,Hedingen,CH475677776297,0,84,,,n.n,,2676452.452,1239472.895,901,1004,1060,1274,,,,,6,,,,,,,,,,,,,,,,,,,,,,,,,2025-10-18
210232195,ZH,5,Hedingen,CH115670627702,0,594,,,n.n,,2675989.97,1238980.167,901,1004,1060,1274,,,,,6,,,,,,,,,,,,,,,,,,,,,,,,,2025-10-18
210232196,ZH,5,Hedingen,CH545662777441,0,1361,,,n.n,,2676484.279,1238613.196,901,1004,1060,1274,,,,,6,,,,,,,,,,,,,,,,,,,,,,,,,2025-10-18
210232197,ZH,5,Hedingen,CH727778625669,0,128,,,n.n,,2676741.853,1239319.607,901,1004,1060,1274,,,,,6,,,,,,,,,,,,,,,,,,,,,,,,,2025-10-18
210232198,ZH,5,Hedingen,CH715675627744,0,1401,,,n.n,,2676211.356,1238760.666,901,1004,1060,1274,,,,,6,,,,,,,,,,,,,,,,,,,,,,,,,2025-10-18
210232199,ZH,5,Hedingen,CH258762775619,0,1802,,,n.n,,2676275.802,1238738.037,901,1004,1060,1274,,,,,6,,,,,,,,,,,,,,,,,,,,,,,,,2025-10-18
210232201,ZH,5,Hedingen,CH675677706250,0,690,,,n.n,,2676325.924,1239149.81,901,1004,1060,1274,,,,,6,,,,,,,,,,,,,,,,,,,,,,,,,2025-10-18
210232202,ZH,5,Hedingen,CH707756786284,0,126,,,n.n,,2676725.945,1239369.072,901,1004,1060,1274,,,,,6,,,,,,,,,,,,,,,,,,,,,,,,,2025-10-18
210232203,ZH,5,Hedingen,CH587662567713,0,1692,,,n.n,,2676395.288,1239527.887,901,1004,1060,1274,,,,,6,,,,,,,,,,,,,,,,,,,,,,,,,2025-10-18
210232204,ZH,5,Hedingen,CH327770625683,0,641,,,n.n,,2676340.307,1239432.538,901,1004,1060,1274,,,,,6,,,,,,,,,,,,,,,,,,,,,,,,,2025-10-18
210232205,ZH,5,Hedingen,CH696277735614,0,1210,,,n.n,,2676094.583,1238617.744,901,1004,1060,1274,,,,,6,,,,,,,,,,,,,,,,,,,,,,,,,2025-10-18
210232206,ZH,5,Hedingen,CH407756896256,0,2068,,,n.n,,2676536.329,1239924.331,901,1004,1060,1274,,,,,6,,,,,,,,,,,,,,,,,,,,,,,,,2025-10-18
210232211,ZH,5,Hedingen,CH457962775670,0,434,,,n.n,,2676196.122,1238497.021,901,1004,1060,1274,,,,,6,,,,,,,,,,,,,,,,,,,,,,,,,2025-10-18
210232212,ZH,5,Hedingen,CH396277795601,0,397,,,n.n,,2676151.028,1238533.196,901,1004,1060,1274,,,,,6,,,,,,,,,,,,,,,,,,,,,,,,,2025-10-18
210294926,ZH,5,Hedingen,CH387062567749,0,637,,,,,2676307.728,1239403.796,904,1008,1020,1122,,,,,,,,,3,3,,0,150,7410,7598,869,2020-07-07,7400,7500,860,2020-07-07,7610,7598,869,2020-07-07,7600,7500,860,2020-07-07,2025-10-18
210297667,ZH,5,Hedingen,CH245662777347,0,1156,,,n.v.,,2678125.052,1239214.787,901,1004,1060,1274,,,,,23,,,,,,,0,,7400,7500,869,2020-12-08,7400,7500,869,2020-12-08,7600,7500,869,2020-12-08,7600,7500,869,2020-12-08,2025-10-18
2940,ZH,5,Hedingen,,0,370,,,75,,2676615.37,1238116.478,909,1007,1020,1110,,,8011,1999,,,,,2,1,,,,7436,7540,869,2001-11-29,,,,,7600,7500,859,2014-03-18,7600,7500,859,2014-03-18,2025-10-18
2988,ZH,5,Hedingen,,0,200,,,550,,2676603.848,1238927.783,909,1007,1020,1110,,,8013,2010,,,,,1,1,,,,7430,7530,860,2001-11-29,,,,,7630,7530,860,2001-11-29,7600,7500,860,2001-11-29,2025-10-18
3201,ZH,5,Hedingen,,0,93,,,394,,2676510.836,1239249.831,909,1007,1030,1110,,,8013,1999,,,,,2,1,,,,7450,7560,869,2001-11-29,,,,,7650,7560,869,2001-11-29,,,,,2025-10-18
3334,ZH,5,Hedingen,,0,1569,,,39,,2676158.517,1239115.676,909,1007,1020,1110,,,8012,2011,,,,,1,1,,,,7436,7540,860,2001-11-29,,,,,7650,7560,860,2001-11-29,7600,7500,860,2001-11-29,2025-10-18
191960484,ZH,6,Kappel am Albis,CH557966774115,0,642,,,919,Scheune,2683531.865,1231040.657,901,1004,1060,1274,,,,,63,,,,,,,0,,,,,,,,,,,,,,,,,,2025-10-18
191960485,ZH,6,Kappel am Albis,CH557966774115,0,642,,,920,Gartenküche,2683520.316,1231007.856,901,1004,1060,1274,,,,,30,,,,,,,0,,,,,,,,,,,,,,,,,,2025-10-18
191960498,ZH,6,Kappel am Albis,CH557966774115,0,642,,,878,Reithalle,2683509.049,1231058.307,901,1004,1060,1271,,,,,197,,,,,,,0,,,,,,,,,,,,,,,,,,2025-10-18
191960503,ZH,6,Kappel am Albis,CH387066417758,0,767,,,n.E.,Sonderbau,2682529.099,1231416.235,901,1004,1060,1274,,,,,4,,,,,,,0,,,,,,,,,,,,,,,,,,2025-10-18
191973867,ZH,6,Kappel am Albis,CH114176667750,0,1498,,,n.v.,,2680287.375,1230616.668,901,1004,1060,1274,,,,,8,,,,,,,,,,,,,,,,,,,,,,,,,2025-10-18
191978387,ZH,6,Kappel am Albis,CH174177876685,0,1606,,,38,,2680183.75,1230359.875,904,1008,1020,1122,,,,,,,,,2,4,,,,7410,7501,869,2022-03-30,7400,7500,869,2022-03-30,7610,7501,869,2022-03-30,7600,7500,869,2022-03-30,2025-10-18
192006240,ZH,6,Kappel am Albis,CH544166777026,0,828,,,924,Holzlager,2682874.149,1231478.277,901,1004,1080,1271,,,,,641,,,,,,,,,,,,,,,,,,,,,,,,,2025-10-18
192011539,ZH,6,Kappel am Albis,CH744677778302,0,1420,,,n.n.,,2682515.771,1231236.769,901,1002,1020,1122,,,,,189,3800,962,869,3,3,,0,567,7410,7511,852,2023-03-14,7400,7500,852,2023-03-14,7610,7511,852,2023-03-14,7600,7500,852,2023-03-14,2025-10-18
192014511,ZH,6,Kappel am Albis,CH614178667756,0,383,,,,,2680932.305,1230145.754,901,1001,1060,1276,,,,,68,,,,1,,,0,,7400,7500,869,2023-04-06,7400,7500,869,2023-04-06,7600,7500,869,2023-04-06,7600,7500,869,2023-04-06,2025-10-18
192017738,ZH,6,Kappel am Albis,CH236677418711,0,1666,,,925,Gartenhaus Feldblumenweg 11,2682841.664,1231166.849,901,1004,1060,1274,,,,,7,,,,,,,,,,,,,,,,,,,,,,,,,2025-10-18
192017740,ZH,6,Kappel am Albis,CH236677418711,0,1666,,,916,Gartenhaus Feldblumenweg 9,2682867.917,1231183.364,901,1004,1060,1274,,,,,7,,,,,,,,,,,,,,,,,,,,,,,,,2025-10-18
192055960,ZH,6,Kappel am Albis,CH567766417067,0,830,,,n.n.,Bauwagen,2682738,1231256,905,1001,1060,1263,,,,,16,32,969,869,1,,,0,,7400,7500,869,2024-04-29,7400,7500,869,2024-04-29,7600,7500,869,2024-04-29,7600,7500,869,2024-04-29,2025-10-18
192097110,ZH,6,Kappel am Albis,CH927774664140,0,1286,,,n.n,,2680147,1230864,904,1002,1020,1122,,,,,240,5374,961,869,4,6,,0,550,7410,7501,869,2024-09-24,7436,7541,869,2024-09-24,7610,7501,869,2024-09-24,7600,7500,869,2024-09-24,2025-10-18
210228972,ZH,6,Kappel am Albis,CH644166777881,0,386,,,n.v.,,2681114.744,1230689.399,901,1004,1060,1271,,,,,242,,,,,,,,,,,,,,,,,,,,,,,,,2025-10-18
210228973,ZH,6,Kappel am Albis,CH414174667763,0,1334,,,n.v.,,2680117.746,1231662.132,901,1004,1060,1271,,,,,140,,,,,,,,,,,,,,,,,,,,,,,,,2025-10-18
210228974,ZH,6,Kappel am Albis,CH157966774154,0,515,,,n.v.,,2679940.327,1231557.036,901,1004,1060,1271,,,,,86,,,,,,,,,,,,,,,,,,,,,,,,,2025-10-18
210228975,ZH,6,Kappel am Albis,CH907741796647,0,471,,,n.v.,,2680367.734,1231890.397,901,1004,1060,1220,,,,,79,,,,,,,,,,,,,,,,,,,,,,,,,2025-10-18
210228976,ZH,6,Kappel am Albis,CH407741766632,0,1532,,,n.v.,,2682227.279,1231727.988,901,1004,1060,1274,,,,,68,,,,,,,,,,,,,,,,,,,,,,,,,2025-10-18
210228977,ZH,6,Kappel am Albis,CH327781774646,0,406,,,n.v.,,2680575.703,1230654.267,901,1004,1060,1271,,,,,67,,,,,,,,,,,,,,,,,,,,,,,,,2025-10-18
210228978,ZH,6,Kappel am Albis,CH544166777719,0,126,,,n.v.,,2680564.848,1231217.581,901,1004,1060,1274,,,,,64,,,,,,,,,,,,,,,,,,,,,,,,,2025-10-18
210228979,ZH,6,Kappel am Albis,CH674177736654,0,1230,,,n.v.,,2682328.708,1231808.593,901,1004,1060,1274,,,,,63,,,,,,,,,,,,,,,,,,,,,,,,,2025-10-18
210228980,ZH,6,Kappel am Albis,CH487466417713,0,1331,,,n.v.,,2682833.388,1231432.57,901,1004,1060,1271,,,,,58,,,,,,,,,,,,,,,,,,,,,,,,,2025-10-18
210228981,ZH,6,Kappel am Albis,CH644166777881,0,386,,,n.v.,,2681128.115,1230648.83,901,1007,1060,1271,,,,2020,129,,,,,,,,,,,,,,,,,,,,,,,,,2025-10-18
210228982,ZH,6,Kappel am Albis,CH207741746609,0,1306,,,n.v.,,2679965.708,1231765.838,901,1004,1060,1274,,,,,39,,,,,,,,,,,,,,,,,,,,,,,,,2025-10-18
210228983,ZH,6,Kappel am Albis,CH614178667756,0,383,,,n.v.,,2680911.256,1230186.601,901,1004,1060,1274,,,,,38,,,,,,,,,,,,,,,,,,,,,,,,,2025-10-18
210228984,ZH,6,Kappel am Albis,CH767766417591,0,1378,,,n.v.,,2682267.615,1231825.663,901,1004,1060,1274,,,,,36,,,,,,,,,,,,,,,,,,,,,,,,,2025-10-18
210228985,ZH,6,Kappel am Albis,CH627770664181,0,840,,,918,,2682923.715,1231053.277,901,1004,1060,1274,,,,,44,,,,,,,,,,,,,,,,,,,,,,,,,2025-10-18
210228986,ZH,6,Kappel am Albis,CH407741876696,0,1639,,,n.v.,,2680261.508,1230574.636,901,1004,1060,1274,,,,,34,,,,,,,,,,,,,,,,,,,,,,,,,2025-10-18
210228987,ZH,6,Kappel am Albis,CH988277467795,0,993,,,n.v.,,2680171.586,1230411.381,901,1007,1060,1274,,,,2024,33,,,,,,,,,,,,,,,,,,,,,,,,,2025-10-18
210228988,ZH,6,Kappel am Albis,CH127779664173,0,508,,,n.v.,,2680045.149,1230511.105,901,1004,1060,1271,,,,,33,,,,,,,,,,,,,,,,,,,,,,,,,2025-10-18
210228989,ZH,6,Kappel am Albis,CH967766418711,0,1605,,,n.v.,,2680201.945,1230398.375,901,1004,1060,1274,,,,,29,,,,,,,,,,,,,,,,,,,,,,,,,2025-10-18
210228990,ZH,6,Kappel am Albis,CH136677417953,0,510,,,n.v.,,2680153.276,1230628.816,901,1004,1060,1274,,,,,28,,,,,,,,,,,,,,,,,,,,,,,,,2025-10-18
210228991,ZH,6,Kappel am Albis,CH727771664138,0,850,,,n.v.,,2682709.401,1230895.102,901,1004,1060,1274,,,,,26,,,,,,,,,,,,,,,,,,,,,,,,,2025-10-18
210228992,ZH,6,Kappel am Albis,CH758377774626,0,840,,,n.v.,,2682919.753,1231077.752,901,1004,1060,1274,,,,,24,,,,,,,,,,,,,,,,,,,,,,,,,2025-10-18
210228993,ZH,6,Kappel am Albis,CH227774664184,0,1308,,,n.v.,,2682878.801,1231327.002,901,1004,1060,1274,,,,,23,,,,,,,,,,,,,,,,,,,,,,,,,2025-10-18
210228994,ZH,6,Kappel am Albis,CH796677704190,0,690,,,n.v.,,2680304.126,1230667.285,901,1007,1060,1274,,,,2023,41,,,,,,,,,,,,,,,,,,,,,,,,,2025-10-18
210228995,ZH,6,Kappel am Albis,CH674177706663,0,1385,,,n.v.,,2681107.26,1230392.85,901,1004,1060,1274,,,,,19,,,,,,,,,,,,,,,,,,,,,,,,,2025-10-18
210228996,ZH,6,Kappel am Albis,CH314178667761,0,1549,,,n.v.,,2680226.39,1230371.045,901,1004,1060,1274,,,,,17,,,,,,,,,,,,,,,,,,,,,,,,,2025-10-18
210228997,ZH,6,Kappel am Albis,CH127779664173,0,508,,,n.v.,,2680048.612,1230507.47,901,1004,1060,1271,,,,,16,,,,,,,,,,,,,,,,,,,,,,,,,2025-10-18
210228998,ZH,6,Kappel am Albis,CH474177726628,0,1050,,,n.v.,,2682351.594,1231183.406,901,1004,1060,1274,,,,,15,,,,,,,,,,,,,,,,,,,,,,,,,2025-10-18
210228999,ZH,6,Kappel am Albis,CH296677874115,0,1617,,,n.v.,,2682191.942,1231930.015,901,1004,1060,1274,,,,,15,,,,,,,,,,,,,,,,,,,,,,,,,2025-10-18
210229000,ZH,6,Kappel am Albis,CH727771664138,0,850,,,n.v.,,2682696.819,1230888.499,901,1004,1060,1274,,,,,14,,,,,,,,,,,,,,,,,,,,,,,,,2025-10-18
210229001,ZH,6,Kappel am Albis,CH767766417987,0,415,,,n.v.,,2680737.224,1230559.626,901,1004,1060,1274,,,,,14,,,,,,,,,,,,,,,,,,,,,,,,,2025-10-18
210229002,ZH,6,Kappel am Albis,CH574177756682,0,1428,,,n.v.,,2680412.365,1230648.192,901,1004,1060,1274,,,,,14,,,,,,,,,,,,,,,,,,,,,,,,,2025-10-18
210229003,ZH,6,Kappel am Albis,CH287266417738,0,1012,,,n.v.,,2682644.428,1231239.384,901,1004,1060,1274,,,,,13,,,,,,,,,,,,,,,,,,,,,,,,,2025-10-18
210229004,ZH,6,Kappel am Albis,CH136677417458,0,1297,,,n.v.,,2679970.259,1231668.927,901,1004,1060,1274,,,,,13,,,,,,,,,,,,,,,,,,,,,,,,,2025-10-18
210229005,ZH,6,Kappel am Albis,CH774177746617,0,1250,,,n.v.,,2679983.219,1231510.346,901,1004,1060,1274,,,,,12,,,,,,,,,,,,,,,,,,,,,,,,,2025-10-18
210229006,ZH,6,Kappel am Albis,CH357566774194,0,1439,,,n.v.,,2680298.56,1230734.448,901,1004,1060,1274,,,,,12,,,,,,,,,,,,,,,,,,,,,,,,,2025-10-18
210229008,ZH,6,Kappel am Albis,CH496677764177,0,1533,,,n.v.,,2682177.895,1231672.515,901,1004,1060,1274,,,,,11,,,,,,,,,,,,,,,,,,,,,,,,,2025-10-18
210229009,ZH,6,Kappel am Albis,CH687266417796,0,1083,,,n.v.,,2682510.948,1231051.671,901,1004,1060,1274,,,,,10,,,,,,,,,,,,,,,,,,,,,,,,,2025-10-18
210229010,ZH,6,Kappel am Albis,CH927787664120,0,1603,,,n.v.,,2682850.274,1231285.317,901,1004,1060,1274,,,,,10,,,,,,,,,,,,,,,,,,,,,,,,,2025-10-18
210229011,ZH,6,Kappel am Albis,CH767766417195,0,854,,,n.v.,,2682962.06,1231004.746,901,1004,1060,1274,,,,,10,,,,,,,,,,,,,,,,,,,,,,,,,2025-10-18
210229012,ZH,6,Kappel am Albis,CH174177736630,0,1155,,,n.v.,Reservoir,2680945.175,1231007.041,901,1004,1080,1274,,,,,82,,,,,,,,,,,,,,,,,,,,,,,,,2025-10-18
210229013,ZH,6,Kappel am Albis,CH407741746638,0,1333,,,n.v.,,2680068.628,1231726.397,901,1004,1060,1274,,,,,9,,,,,,,,,,,,,,,,,,,,,,,,,2025-10-18
210229014,ZH,6,Kappel am Albis,CH914173667796,0,1146,,,n.v.,,2679946.532,1231686.787,901,1004,1060,1274,,,,,9,,,,,,,,,,,,,,,,,,,,,,,,,2025-10-18
210229015,ZH,6,Kappel am Albis,CH674177706663,0,1385,,,n.v.,,2681104.633,1230388.982,901,1004,1060,1274,,,,,9,,,,,,,,,,,,,,,,,,,,,,,,,2025-10-18
210229016,ZH,6,Kappel am Albis,CH244166777526,0,1391,,,n.v.,,2682522.777,1231403.519,901,1004,1060,1274,,,,,9,,,,,,,,,,,,,,,,,,,,,,,,,2025-10-18
210229017,ZH,6,Kappel am Albis,CH887466417771,0,223,,,n.v.,,2680186.846,1230504.927,901,1004,1060,1274,,,,,9,,,,,,,,,,,,,,,,,,,,,,,,,2025-10-18
210229018,ZH,6,Kappel am Albis,CH307741726678,0,1039,,,n.v.,,2682477.736,1231324.426,901,1004,1060,1274,,,,,8,,,,,,,,,,,,,,,,,,,,,,,,,2025-10-18
210229019,ZH,6,Kappel am Albis,CH887466417771,0,223,,,n.v.,,2680183.741,1230500.041,901,1004,1060,1274,,,,,8,,,,,,,,,,,,,,,,,,,,,,,,,2025-10-18
210229020,ZH,6,Kappel am Albis,CH627779664197,0,672,,,n.v.,,2680265.811,1230752.961,901,1004,1060,1274,,,,,7,,,,,,,,,,,,,,,,,,,,,,,,,2025-10-18
210229021,ZH,6,Kappel am Albis,CH674177736654,0,1230,,,n.v.,,2682345.095,1231796.958,901,1004,1060,1274,,,,,7,,,,,,,,,,,,,,,,,,,,,,,,,2025-10-18
210229022,ZH,6,Kappel am Albis,CH727770664147,0,701,,,n.v.,Zisterne,2679681.222,1230957.534,901,1004,1080,1274,,,,,100,,,,,,,,,,,,,,,,,,,,,,,,,2025-10-18
210229023,ZH,6,Kappel am Albis,CH674177706663,0,1385,,,n.v.,,2681088.443,1230384.75,901,1004,1060,1274,,,,,7,,,,,,,,,,,,,,,,,,,,,,,,,2025-10-18
210229024,ZH,6,Kappel am Albis,CH374177766650,0,1519,,,n.v.,,2680370.281,1230740.889,901,1004,1060,1274,,,,,7,,,,,,,,,,,,,,,,,,,,,,,,,2025-10-18
210229025,ZH,6,Kappel am Albis,CH357066774135,0,795,,,n.v.,,2682465.901,1231441.153,901,1004,1060,1274,,,,,7,,,,,,,,,,,,,,,,,,,,,,,,,2025-10-18
210229026,ZH,6,Kappel am Albis,CH307741726678,0,1039,,,n.v.,,2682480.608,1231305.998,901,1004,1060,1274,,,,,7,,,,,,,,,,,,,,,,,,,,,,,,,2025-10-18
210229027,ZH,6,Kappel am Albis,CH414173667772,0,1209,,,n.v.,,2682448.091,1231416.478,901,1004,1060,1274,,,,,7,,,,,,,,,,,,,,,,,,,,,,,,,2025-10-18
210229028,ZH,6,Kappel am Albis,CH957366774141,0,1153,,,n.v.,,2682444.228,1231516.563,901,1004,1060,1274,,,,,6,,,,,,,,,,,,,,,,,,,,,,,,,2025-10-18
210229029,ZH,6,Kappel am Albis,CH844166777021,0,722,,,n.v.,,2682212.822,1231755.658,901,1004,1060,1274,,,,,6,,,,,,,,,,,,,,,,,,,,,,,,,2025-10-18
210229030,ZH,6,Kappel am Albis,CH267766417369,0,1179,,,n.v.,,2680462.413,1230698.555,901,1004,1060,1274,,,,,6,,,,,,,,,,,,,,,,,,,,,,,,,2025-10-18
210229031,ZH,6,Kappel am Albis,CH744166777649,0,1464,,,n.v.,,2680063.92,1230739.494,901,1004,1060,1274,,,,,6,,,,,,,,,,,,,,,,,,,,,,,,,2025-10-18
210229032,ZH,6,Kappel am Albis,CH327772664168,0,1042,,,n.v.,,2680144.385,1230663.341,901,1004,1060,1274,,,,,6,,,,,,,,,,,,,,,,,,,,,,,,,2025-10-18
210229033,ZH,6,Kappel am Albis,CH514177667702,0,1389,,,n.v.,,2682511.497,1231401.931,901,1004,1060,1274,,,,,6,,,,,,,,,,,,,,,,,,,,,,,,,2025-10-18
210229034,ZH,6,Kappel am Albis,CH207741766603,0,1516,,,n.v.,,2680386.711,1230643.761,901,1004,1060,1274,,,,,6,,,,,,,,,,,,,,,,,,,,,,,,,2025-10-18
210229035,ZH,6,Kappel am Albis,CH274177726696,0,1011,,,n.v.,,2682583.084,1231253.639,901,1004,1060,1274,,,,,6,,,,,,,,,,,,,,,,,,,,,,,,,2025-10-18
210229036,ZH,6,Kappel am Albis,CH887366417701,0,1116,,,n.v.,,2682519.198,1231471.312,901,1004,1060,1274,,,,,6,,,,,,,,,,,,,,,,,,,,,,,,,2025-10-18
210261830,ZH,6,Kappel am Albis,CH358766774161,0,1633,,,,,2682826.389,1231253.761,904,1001,1020,1110,,,,,83,,,,3,1,,0,162,7410,7598,869,2022-01-06,7400,7500,869,2023-08-22,7610,7598,869,2022-01-06,7600,7500,869,2023-08-22,2025-10-18
210261831,ZH,6,Kappel am Albis,CH344166778777,0,1632,,,,,2682821.315,1231258.939,904,1001,1020,1110,,,,,83,,,,3,1,,0,166,7410,7598,869,2022-01-06,7400,7500,869,2023-08-22,7610,7598,869,2022-01-06,7600,7500,869,2023-08-22,2025-10-18
210261832,ZH,6,Kappel am Albis,CH336677418774,0,1631,,,,,2682808.482,1231272.033,904,1001,1020,1110,,,,,83,,,,3,1,,0,162,7410,7598,869,2022-01-06,7400,7500,869,2023-08-22,7610,7598,869,2022-01-06,7600,7500,869,2023-08-22,2025-10-18
210261833,ZH,6,Kappel am Albis,CH327787664130,0,1630,,,,,2682803.407,1231277.211,904,1001,1020,1110,,,,,83,,,,3,1,,0,,7410,7598,852,2022-01-06,7400,7500,852,2022-01-06,7610,7598,852,2022-01-06,7600,7500,852,2022-01-06,2025-10-18
191982197,ZH,7,Knonau,CH297777834616,0,1528,,,n.v.,Jauchesilo,2677516.959,1231738.042,901,1004,1080,1278,,,8023,,327,,,,,,,,,,,,,,,,,,,,,,,,,2025-10-18
192013316,ZH,7,Knonau,CH737777467922,0,1540,,,1239,Unterniveaugarage,2677310.791,1230799.428,901,1004,1080,1242,,,,,131,,,,,,,,,,,,,,,,,,,,,,,,,2025-10-18
192043872,ZH,7,Knonau,CH974677817773,0,1522,,,1106,Unterstand,2676092.646,1232632.815,901,1004,1080,1274,,,,,272,,,,1,,,0,,,,,,,,,,,,,,,,,,2025-10-18
192043873,ZH,7,Knonau,CH974677817773,0,1522,,,1104,Unterstand,2676121.882,1232673.188,901,1004,1080,1274,,,,,191,,,,,,,,,,,,,,,,,,,,,,,,,2025-10-18
192043875,ZH,7,Knonau,CH974677817773,0,1522,,,1105,Unterstand,2676141.179,1232673.812,901,1004,1080,1274,,,,,71,,,,,,,,,,,,,,,,,,,,,,,,,2025-10-18
192062180,ZH,7,Knonau,CH688277467703,0,1546,,,1281,,2677102.434,1230961.496,901,1002,1020,1121,,,,,70,2026,961,869,5,2,,0,160,7411,7501,869,2024-07-08,7499,7570,869,2024-07-08,7610,7501,869,2024-07-08,7600,7500,869,2024-07-09,2025-10-18
192067701,ZH,7,Knonau,CH937777467357,0,318,,,,,2679085.777,1230067.802,904,1002,1060,1271,,,,,674,7735,962,869,1,,,0,674,7499,7542,857,2024-09-18,7400,7500,857,2024-09-18,7699,7542,857,2024-09-18,7600,7500,857,2024-09-18,2025-10-18
192071032,ZH,7,Knonau,CH474677777761,0,44,,,,Milchviehstall,2676611.25,1232510.375,904,1008,1060,1271,,,,,,,,,1,,,,,,,,,,,,,,,,,,,,,2025-10-18
192071033,ZH,7,Knonau,CH474677777761,0,44,,,,Hochsilo,2676595.25,1232541.375,904,1008,1080,1252,,,,,,,,,,,,,,,,,,,,,,,,,,,,,,2025-10-18
192071034,ZH,7,Knonau,CH137777467437,0,88,,,190,Remise,2676739.25,1231767.625,904,1001,1060,1271,,,,,,,,,,,,,,,,,,,,,,,,,,,,,,2025-10-18
192071035,ZH,7,Knonau,CH474677777761,0,44,,,,Wohnhaus Stöckweid,2676553.5,1232482.125,904,1001,1020,1122,,,,,,,,,,4,,,,,,,,,,,,,,,,,,,,2025-10-18
192071036,ZH,7,Knonau,CH697777774692,0,413,,,531,Dreifamilienhaus,2677141.5,1231060.375,904,1001,1020,1122,,,,,,,,,,3,,,,,,,,,,,,,,,,,,,,2025-10-18
192079276,ZH,7,Knonau,CH667777467115,0,1375,,,,,2677275.5,1230842.625,904,1001,1060,1274,,,,,,,,,,,,,,,,,,,,,,,,,,,,,,2025-10-18
192081316,ZH,7,Knonau,CH697777874662,0,1396,,,,Atelierhaus,2677113.25,1230794.375,904,1001,1020,1110,,,,,,,,,,1,,,,,,,,,,,,,,,,,,,,2025-10-18
192082784,ZH,7,Knonau,CH327775774603,0,242,,,,Galtviehstall,2677795.5,1231403.25,904,1001,1060,1271,,,,,,,,,,,,,,,,,,,,,,,,,,,,,,2025-10-18
192084059,ZH,7,Knonau,CH414688777760,0,1494,,,,,2677102,1230909.125,904,1001,1020,1121,,,,,,,,,3,2,2,,,,,,,,,,,,,,,,,,,2025-10-18
192090449,ZH,7,Knonau,CH844677777870,0,637,,,1283,,2677810.238,1230377.127,901,1002,1020,1122,,,,,239,3500,962,869,5,5,,,585,7410,7501,869,2025-06-05,7400,7500,869,2025-06-30,7610,7501,869,2025-06-05,7600,7500,869,2025-06-30,2025-10-18
192096847,ZH,7,Knonau,CH737777467922,0,1540,,,,Neubau MFH Kehrli,2677252.8,1230783.599,904,1001,1020,1122,,,,,,,,,3,5,,,,,,,,,,,,,,,,,,,,2025-10-18
192097550,ZH,7,Knonau,CH144677777124,0,1232,,,n.v.,,2677827.985,1230532.676,901,1004,1060,1274,,,,,17,,,,,,,,,,,,,,,,,,,,,,,,,2025-10-18
192097739,ZH,7,Knonau,CH287277467721,0,1543,,,,Meyerhaus,2677482.089,1230859.029,904,1001,1020,1122,,,,,580,580,962,869,,3,,,580,7460,7580,869,2025-09-16,,,,,7660,7580,869,2025-09-16,,,,,2025-10-18
192097740,ZH,7,Knonau,CH287277467721,0,505,,,,Neubau 1,2677468.651,1230830.904,904,1001,1020,1122,,,,,1380,3300,962,869,6,7,,,1380,7460,7580,869,2025-09-16,,,,,7660,7580,869,2025-09-16,,,,,2025-10-18
192097745,ZH,7,Knonau,CH287277467721,0,505,,,,Neubau 2,2677498.964,1230848.404,904,1001,1020,1122,,,,,615,2940,962,869,5,4,,,615,7460,7580,869,2025-09-16,7400,7500,869,2025-09-16,7660,7580,869,2025-09-16,7600,7500,869,2025-09-16,2025-10-18
192097767,ZH,7,Knonau,CH337777467565,0,243,,,,,2677501.464,1231255.592,904,1002,1060,1274,,,,,,3750,962,869,1,,,,5,7400,7500,869,2025-09-16,7400,7500,869,2025-09-16,7600,7500,869,2025-09-16,7600,7500,869,2025-09-16,2025-10-18
210202978,ZH,7,Knonau,CH257977774613,0,984,,,279,,2675915.483,1232561.762,901,1004,1060,1271,,,,,214,,,,,,,,,7400,7500,869,2014-03-18,7400,7500,869,2014-03-18,7600,7500,869,2014-03-18,7600,7500,869,2014-03-18,2025-10-18
210203098,ZH,7,Knonau,CH214676777742,0,1201,,,756,,2677657.646,1230565.23,901,1004,1060,1271,,,,,87,,,,,,,,,7400,7500,869,2014-03-18,7400,7500,869,2014-03-18,7600,7500,869,2014-03-18,7600,7500,869,2014-03-18,2025-10-18
210203112,ZH,7,Knonau,CH274677767735,0,1206,,,777,,2677649.209,1230471.089,901,1004,1060,1271,,,,,10,,,,,,,,,7400,7500,869,2014-03-18,7400,7500,869,2014-03-18,7600,7500,869,2014-03-18,7600,7500,869,2014-03-18,2025-10-18
210203139,ZH,7,Knonau,CH257577774624,0,231,,,n.v.,offene Halle,2677794.476,1231420.531,901,1004,1080,1271,,,,,70,,,,,,,,,,,,,,,,,,,,,,,,,2025-10-18
210203141,ZH,7,Knonau,CH314675777717,0,241,,,n.v.,,2677501.847,1231240.122,901,1004,1060,1252,,,,,20,,,,,,,,,7400,7500,869,2014-03-18,7400,7500,869,2014-03-18,7600,7500,869,2014-03-18,7600,7500,869,2014-03-18,2025-10-18
210203142,ZH,7,Knonau,CH314675777717,0,241,,,n.v.,,2677486.904,1231253.854,901,1004,1060,1252,,,,,83,,,,,,,,,7400,7500,869,2014-03-18,7400,7500,869,2014-03-18,7600,7500,869,2014-03-18,7600,7500,869,2014-03-18,2025-10-18
210203144,ZH,7,Knonau,CH787477467788,0,7,,,n.v.,,2676130.144,1232826.141,901,1004,1060,1252,,,,,10,,,,,,,,,7400,7500,869,2014-03-18,7400,7500,869,2014-03-18,7600,7500,869,2014-03-18,7600,7500,869,2014-03-18,2025-10-18
210203145,ZH,7,Knonau,CH314676777708,0,1225,,,n.v.,,2677076.911,1230804.809,901,1004,1060,1242,,,,,36,,,,,,,,,7400,7500,869,2014-03-18,7400,7500,869,2014-03-18,7600,7500,869,2014-03-18,7600,7500,869,2014-03-18,2025-10-18
210203146,ZH,7,Knonau,CH327776774691,0,1226,,,n.v.,,2677089.138,1230794.817,901,1004,1060,1242,,,,,36,,,,,,,,,7400,7500,869,2014-03-18,7400,7500,869,2014-03-18,7600,7500,869,2014-03-18,7600,7500,869,2014-03-18,2025-10-18
210203147,ZH,7,Knonau,CH337777467664,0,1227,,,n.v.,,2677099.52,1230780.126,901,1004,1060,1242,,,,,36,,,,,,,,,7400,7500,869,2014-03-18,7400,7500,869,2014-03-18,7600,7500,869,2014-03-18,7600,7500,869,2014-03-18,2025-10-18
210203148,ZH,7,Knonau,CH114676777776,0,1199,,,n.v.,,2677113.586,1230844.327,901,1004,1060,1252,,,,,18,,,,,,,,,7400,7500,869,2014-03-18,7400,7500,869,2014-03-18,7600,7500,869,2014-03-18,7600,7500,869,2014-03-18,2025-10-18
210203203,ZH,7,Knonau,CH257577774624,0,231,,,n.v.,,2677803.792,1231391.202,901,1004,1060,1252,,,,,19,,,,,,,,,7400,7500,869,2014-04-16,7400,7500,869,2014-04-16,7600,7500,869,2014-04-16,7600,7500,869,2014-04-16,2025-10-18
210203206,ZH,7,Knonau,CH814677777723,0,1134,,,n.v.,,2677831.999,1231551.199,901,1004,1060,1252,,,,,41,,,,,,,,,7400,7500,869,2014-04-16,7400,7500,869,2014-04-16,7600,7500,869,2014-04-16,7600,7500,869,2014-04-16,2025-10-18
210203223,ZH,7,Knonau,CH697777724610,0,1379,,,n.v.,,2678651.174,1230008.95,901,1004,1060,1242,,,,,40,,,,,,,,,7400,7500,869,2014-04-16,7400,7500,869,2014-04-16,7600,7500,869,2014-04-16,7600,7500,869,2014-04-16,2025-10-18
210203229,ZH,7,Knonau,CH887177467738,0,776,,,1248,,2678741.778,1230042.984,901,1004,1060,1252,,,,,73,,,,,,,,,7400,7500,869,2014-04-16,7400,7500,869,2014-04-16,7600,7500,869,2014-04-16,7600,7500,869,2014-04-16,2025-10-18
210278606,ZH,7,Knonau,CH874677707743,0,889,,,n.n,,2677920.076,1230163.85,901,1004,1060,1274,,,,,42,,,,,,,0,,,,,,,,,,,,,,,,,,2025-10-18
210278607,ZH,7,Knonau,CH144677777124,0,1505,,,n.n,Nebengebäude,2677842.296,1230444.142,901,1004,1060,1274,,,,,19,,,,,,,0,,,,,,,,,,,,,,,,,,2025-10-18
210278608,ZH,7,Knonau,CH774677717774,0,741,,,n.n,,2677781.449,1230359.076,901,1004,1060,1274,,,,,17,,,,,,,0,,,,,,,,,,,,,,,,,,2025-10-18
210278609,ZH,7,Knonau,CH337777467565,0,243,,,n.n,,2677676.976,1230920.338,901,1004,1060,1274,,,,,16,,,,,,,0,,,,,,,,,,,,,,,,,,2025-10-18
210278610,ZH,7,Knonau,CH657677774655,0,1279,,,n.n,,2677173.282,1230989.571,901,1004,1060,1274,,,,,14,,,,,,,0,,,,,,,,,,,,,,,,,,2025-10-18
210278611,ZH,7,Knonau,CH274677767735,0,1408,,,n.n,,2677691.493,1230496.047,901,1004,1060,1274,,,,,14,,,,,,,0,,,,,,,,,,,,,,,,,,2025-10-18
210278612,ZH,7,Knonau,CH797777704679,0,930,,,n.n,,2677504.964,1230595.461,901,1004,1060,1274,,,,,14,,,,,,,0,,,,,,,,,,,,,,,,,,2025-10-18
210278613,ZH,7,Knonau,CH144677777124,0,1505,,,n.n,,2677856.57,1230478.567,901,1004,1060,1274,,,,,12,,,,,,,0,,,,,,,,,,,,,,,,,,2025-10-18
210278614,ZH,7,Knonau,CH227787774626,0,1329,,,n.n,,2677060.435,1230947.231,901,1004,1060,1274,,,,,12,,,,,,,0,,,,,,,,,,,,,,,,,,2025-10-18
210278615,ZH,7,Knonau,CH267777467649,0,1218,,,n.n,,2677029.203,1230878.322,901,1004,1060,1274,,,,,9,,,,,,,0,,,,,,,,,,,,,,,,,,2025-10-18
210278616,ZH,7,Knonau,CH274677717750,0,1232,,,n.n,,2677927.532,1230292.355,901,1004,1060,1274,,,,,9,,,,,,,0,,,,,,,,,,,,,,,,,,2025-10-18
210278618,ZH,7,Knonau,CH997777754693,0,199,,,n.n,,2677304.395,1231755.634,901,1004,1060,1274,,,,,9,,,,,,,0,,,,,,,,,,,,,,,,,,2025-10-18
210278619,ZH,7,Knonau,CH874677717740,0,772,,,n.n,,2678059.522,1229912.45,901,1004,1060,1274,,,,,8,,,,,,,0,,,,,,,,,,,,,,,,,,2025-10-18
210278620,ZH,7,Knonau,CH744677777609,0,1170,,,n.n,,2677428.977,1230840.221,901,1004,1060,1274,,,,,8,,,,,,,0,,,,,,,,,,,,,,,,,,2025-10-18
210278621,ZH,7,Knonau,CH137777468724,0,1272,,,n.n,Nebengebäude,2677352.262,1230933.394,901,1004,1060,1274,,,,,7,,,,,,,0,,,,,,,,,,,,,,,,,,2025-10-18
210278622,ZH,7,Knonau,CH274677717750,0,1232,,,n.n,,2677927.933,1230300.477,901,1004,1060,1274,,,,,7,,,,,,,0,,,,,,,,,,,,,,,,,,2025-10-18
210278623,ZH,7,Knonau,CH374677767701,0,1219,,,n.v.,,2677023.944,1230850.506,901,1004,1060,1274,,,,,6,,,,,,,0,,,,,,,,,,,,,,,,,,2025-10-18
210278624,ZH,7,Knonau,CH714677777757,0,1125,,,n.n,,2677451.202,1230931.746,901,1004,1060,1274,,,,,6,,,,,,,0,,,,,,,,,,,,,,,,,,2025-10-18
210278626,ZH,7,Knonau,CH287177467748,0,1233,,,703,,2677938.234,1230272.794,901,1004,1060,1274,,,,,11,,,,,,,0,,,,,,,,,,,,,,,,,,2025-10-18
2251016,ZH,7,Knonau,,0,474,,,388,,2677500,1230900,905,1007,1060,,,,,1999,,,,,,,,,,,,,,,,,,,,,,,,,,2025-10-18
3715,ZH,7,Knonau,,0,99999,,,,,2678758.807,1230023.854,909,1007,1020,1110,,,,1999,,,,,3,1,,,,7436,7540,869,2001-11-29,,,,,7650,7560,869,2001-11-29,,,,,2025-10-18
3807,ZH,7,Knonau,,0,491,,,329,,2677500,1230900,905,1007,1020,1110,,,,1999,,,,,3,1,,,,7430,7530,869,2001-11-29,,,,,7630,7530,869,2001-11-29,,,,,2025-10-18
3809,ZH,7,Knonau,,0,99999,,,,,2676935.655,1231042.161,909,1007,1030,1110,,,,1999,,,,,2,1,,,,7436,7540,869,2001-11-29,,,,,7650,7560,869,2001-11-29,,,,,2025-10-18
3841,ZH,7,Knonau,,0,474,,,386,,2677500,1230900,905,1007,1030,1121,,,,1999,,,,,2,2,,,,7436,7540,869,2001-11-29,,,,,7650,7560,869,2001-11-29,,,,,2025-10-18
3846,ZH,7,Knonau,,0,99999,,,476,,2677188.801,1231077.861,909,1007,1020,1110,,,,1999,,,,,2,1,,,,7436,7540,869,2001-11-29,,,,,7600,7500,859,2014-03-18,7600,7500,859,2014-03-18,2025-10-18
3913,ZH,7,Knonau,,0,99999,,,,,2676200.799,1232139.867,909,1007,1020,1110,,,,1999,,,,,3,1,,,,7411,7598,869,2001-11-29,,,,,7650,7560,869,2001-11-29,,,,,2025-10-18
192060853,ZH,8,Maschwanden,CH657219775594,0,1184,,,,,2674923.241,1231884.772,901,1001,1020,1122,,,,,257,3240,962,869,4,5,,0,685,7410,7501,869,2024-07-01,,7500,,,,,,,,,,,2025-10-18
192060861,ZH,8,Maschwanden,CH987719557746,0,102,,,,,2674653.75,1231993.75,904,1001,1020,1122,,,,,364,5437,962,869,4,9,,0,1004,7410,7501,869,2024-07-01,7400,7500,869,2024-07-01,7610,7501,869,2024-07-01,7600,7500,869,2024-07-01,2025-10-18
192077642,ZH,8,Maschwanden,CH357919775507,0,1181,,,n.v.,,2674833.338,1231825.983,901,1004,1060,1274,,,,,37,,,,,,,,,,,,,,,,,,,,,,,,,2025-10-18
192077643,ZH,8,Maschwanden,CH357919775507,0,1181,,,n.v.,,2674864.489,1231825.458,901,1004,1060,1274,,,,,5,,,,,,,,,,,,,,,,,,,,,,,,,2025-10-18
192082565,ZH,8,Maschwanden,CH467719557094,0,350,,,n.v.,,2675318.965,1231606.248,901,1004,1060,1278,,,,,87,,,,,,,,,,,,,,,,,,,,,,,,,2025-10-18
192083522,ZH,8,Maschwanden,CH987119557714,0,584,,,382,,2674950.149,1231842.814,901,1004,1060,1242,,,,,1315,,,,,,,,,,,,,,,,,,,,,,,,,2025-10-18
210228330,ZH,8,Maschwanden,CH687919557794,0,983,,,n.n,,2674837.386,1231935.332,901,1004,1060,1271,,,,,127,,,,,,,,,,,,,,,,,,,,,,,,,2025-10-18
210228331,ZH,8,Maschwanden,CH675577791993,0,981,,,n.n,,2675176.116,1232082.13,901,1004,1060,1274,,,,,61,,,,,,,,,,,,,,,,,,,,,,,,,2025-10-18
210228333,ZH,8,Maschwanden,CH857219775526,0,671,,,n.n,,2674503.769,1231995.855,901,1004,1060,1274,,,,,40,,,,,,,,,,,,,,,,,,,,,,,,,2025-10-18
210228334,ZH,8,Maschwanden,CH927779195525,0,901,,,n.n,,2674578.773,1232058.052,901,1004,1060,1274,,,,,40,,,,,,,,,,,,,,,,,,,,,,,,,2025-10-18
210228336,ZH,8,Maschwanden,CH807755781905,0,663,,,n.n,,2674453.761,1230847.779,901,1004,1060,1274,,,,,34,,,,,,,,,,,,,,,,,,,,,,,,,2025-10-18
210228337,ZH,8,Maschwanden,CH915579197796,0,900,,,n.n,,2674594.612,1232073.393,901,1004,1060,1274,,,,,34,,,,,,,,,,,,,,,,,,,,,,,,,2025-10-18
210228338,ZH,8,Maschwanden,CH491977705589,0,347,,,n.n,,2675757.58,1231253.324,901,1004,1060,1271,,,,,32,,,,,,,,,,,,,,,,,,,,,,,,,2025-10-18
210228339,ZH,8,Maschwanden,CH807755791902,0,875,,,n.n,,2674531.951,1231951.823,901,1004,1060,1274,,,,,30,,,,,,,,,,,,,,,,,,,,,,,,,2025-10-18
210228340,ZH,8,Maschwanden,CH875577721946,0,678,,,n.n,,2674726.758,1232083.376,901,1004,1060,1274,,,,,30,,,,,,,,,,,,,,,,,,,,,,,,,2025-10-18
210228341,ZH,8,Maschwanden,CH857319775596,0,1051,,,n.n,,2674657.426,1232100.818,901,1007,1060,1274,,,,2014,29,,,,,,,,,,,,,,,,,,,,,,,,,2025-10-18
210228342,ZH,8,Maschwanden,CH207755781915,0,756,,,n.n,,2674591.365,1231878.699,901,1004,1060,1274,,,,,26,,,,,,,,,,,,,,,,,,,,,,,,,2025-10-18
210228343,ZH,8,Maschwanden,CH715570197751,0,1010,,,n.n,,2675143.121,1232072.884,901,1004,1060,1274,,,,,25,,,,,,,,,,,,,,,,,,,,,,,,,2025-10-18
210228344,ZH,8,Maschwanden,CH187719557727,0,1113,,,n.n,,2674347.145,1232717.99,901,1004,1060,1274,,,,,22,,,,,,,,,,,,,,,,,,,,,,,,,2025-10-18
210228345,ZH,8,Maschwanden,CH631977557844,0,835,,,n.n,,2674863.435,1231901.58,901,1004,1060,1274,,,,,21,,,,,,,,,,,,,,,,,,,,,,,,,2025-10-18
210228346,ZH,8,Maschwanden,CH445519777008,0,354,,,n.n,,2675785.04,1231034.531,901,1004,1060,1274,,,,,21,,,,,,,,,,,,,,,,,,,,,,,,,2025-10-18
210228347,ZH,8,Maschwanden,CH891977775529,0,81,,,n.n,,2674474.212,1231954.511,901,1004,1060,1274,,,,,21,,,,,,,,,,,,,,,,,,,,,,,,,2025-10-18
210228348,ZH,8,Maschwanden,CH627773195584,0,1167,,,n.n,,2674475.454,1231872.487,901,1004,1060,1274,,,,,20,,,,,,,,,,,,,,,,,,,,,,,,,2025-10-18
210228349,ZH,8,Maschwanden,CH957019775546,0,1014,,,n.n,,2675177.118,1232005.112,901,1004,1060,1274,,,,,20,,,,,,,,,,,,,,,,,,,,,,,,,2025-10-18
210228350,ZH,8,Maschwanden,CH587319557796,0,1162,,,n.n,,2674520.594,1232503.799,901,1004,1060,1271,,,,,19,,,,,,,,,,,,,,,,,,,,,,,,,2025-10-18
210228351,ZH,8,Maschwanden,CH667719557323,0,1173,,,n.n,,2674964.252,1232057.015,901,1004,1060,1274,,,,,18,,,,,,,,,,,,,,,,,,,,,,,,,2025-10-18
210228352,ZH,8,Maschwanden,CH891977725544,0,156,,,n.n,,2674556.412,1232199.592,905,1007,1060,1274,,,,2021,17,,,,,,,,,,,,,,,,,,,,,,,,,2025-10-18
210228353,ZH,8,Maschwanden,CH845519777858,0,693,,,n.n,,2674684.395,1231887.961,901,1004,1060,1274,,,,,15,,,,,,,,,,,,,,,,,,,,,,,,,2025-10-18
210228354,ZH,8,Maschwanden,CH767719557386,0,1040,,,n.n,,2674375.912,1231932.55,901,1004,1060,1274,,,,,14,,,,,,,,,,,,,,,,,,,,,,,,,2025-10-18
210228355,ZH,8,Maschwanden,CH745519777201,0,168,,,n.n,,2674697.209,1232064.553,901,1004,1060,1274,,,,,14,,,,,,,,,,,,,,,,,,,,,,,,,2025-10-18
210228356,ZH,8,Maschwanden,CH367719557922,0,951,,,n.n,,2674879.526,1231814.728,901,1004,1060,1274,,,,,14,,,,,,,,,,,,,,,,,,,,,,,,,2025-10-18
210228357,ZH,8,Maschwanden,CH767719557287,0,684,,,n.n,,2674695.531,1232080.286,901,1004,1060,1274,,,,,11,,,,,,,,,,,,,,,,,,,,,,,,,2025-10-18
210228358,ZH,8,Maschwanden,CH191977795567,0,912,,,n.n,,2674604.697,1231934.293,901,1004,1060,1274,,,,,11,,,,,,,,,,,,,,,,,,,,,,,,,2025-10-18
210228359,ZH,8,Maschwanden,CH387919557702,0,1070,,,370,,2674975.697,1231959.146,901,1004,1060,1274,,,,,11,,,,,,,,,,,,,,,,,,,,,,,,,2025-10-18
210228360,ZH,8,Maschwanden,CH207755781915,0,756,,,n.n,,2674622.969,1231914.149,901,1004,1060,1274,,,,,11,,,,,,,,,,,,,,,,,,,,,,,,,2025-10-18
210228361,ZH,8,Maschwanden,CH987019557741,0,808,,,n.n,,2675482.844,1232254.188,901,1004,1060,1271,,,,,11,,,,,,,,,,,,,,,,,,,,,,,,,2025-10-18
210228362,ZH,8,Maschwanden,CH207755701939,0,425,,,n.n,,2674746.432,1231151.912,901,1004,1060,1274,,,,,10,,,,,,,,,,,,,,,,,,,,,,,,,2025-10-18
210228363,ZH,8,Maschwanden,CH675577791993,0,981,,,n.n,,2675156.482,1232052.888,901,1004,1060,1274,,,,,10,,,,,,,,,,,,,,,,,,,,,,,,,2025-10-18
210228364,ZH,8,Maschwanden,CH207755781915,0,756,,,n.n,,2674615.368,1231920.029,901,1004,1060,1274,,,,,10,,,,,,,,,,,,,,,,,,,,,,,,,2025-10-18
210228365,ZH,8,Maschwanden,CH891977725544,0,156,,,n.n,,2674521.591,1232210.299,905,1007,1060,1274,,,,2021,9,,,,,,,,,,,,,,,,,,,,,,,,,2025-10-18
210228366,ZH,8,Maschwanden,CH745519777397,0,1038,,,n.n,,2674497.402,1231830.148,901,1004,1060,1274,,,,,9,,,,,,,,,,,,,,,,,,,,,,,,,2025-10-18
210228367,ZH,8,Maschwanden,CH927773195579,0,1059,,,n.n,,2674515.78,1232071.866,901,1004,1060,1274,,,,,8,,,,,,,,,,,,,,,,,,,,,,,,,2025-10-18
210228368,ZH,8,Maschwanden,CH167719557396,0,1152,,,n.n,,2674834.217,1232024.213,901,1004,1060,1274,,,,,7,,,,,,,,,,,,,,,,,,,,,,,,,2025-10-18
210228369,ZH,8,Maschwanden,CH731977557117,0,379,,,n.n,,2674962.76,1231776.15,901,1004,1060,1274,,,,,7,,,,,,,,,,,,,,,,,,,,,,,,,2025-10-18
210228370,ZH,8,Maschwanden,CH975577701918,0,793,,,n.n,,2675290.456,1233006.466,901,1004,1060,1274,,,,,6,,,,,,,,,,,,,,,,,,,,,,,,,2025-10-18
210228371,ZH,8,Maschwanden,CH731977557117,0,379,,,n.n,,2674952.639,1231785.643,901,1004,1060,1274,,,,,6,,,,,,,,,,,,,,,,,,,,,,,,,2025-10-18